url,metadata_reference
http://www.tiktokshopmall.link/,https://raw.githubusercontent.com/openphish/public_feed/refs/heads/main/feed.txt
http://www.bet83067.com/,https://raw.githubusercontent.com/openphish/public_feed/refs/heads/main/feed.txt
http://wegw4t3.blogspot.com/,https://raw.githubusercontent.com/openphish/public_feed/refs/heads/main/feed.txt
https://blessed-begin-062639.framer.app/,https://raw.githubusercontent.com/openphish/public_feed/refs/heads/main/feed.txt
http://coinbse_pro-login.godaddysites.com/,https://raw.githubusercontent.com/openphish/public_feed/refs/heads/main/feed.txt
http://wsaq2.bet365999555.com/,https://raw.githubusercontent.com/openphish/public_feed/refs/heads/main/feed.txt
https://900987654445678.webflow.io/,https://raw.githubusercontent.com/openphish/public_feed/refs/heads/main/feed.txt
https://90554211467432115765.weebly.com/,https://raw.githubusercontent.com/openphish/public_feed/refs/heads/main/feed.txt
http://ahpp88.com/,https://raw.githubusercontent.com/openphish/public_feed/refs/heads/main/feed.txt
http://j.imchell.shop/,https://raw.githubusercontent.com/openphish/public_feed/refs/heads/main/feed.txt
https://omnistream.ru.com/chase/chase,https://raw.githubusercontent.com/openphish/public_feed/refs/heads/main/feed.txt
https://tommor-h.replit.app/,https://raw.githubusercontent.com/openphish/public_feed/refs/heads/main/feed.txt
http://web-extion-f9e8d421-a567-4c38-4f29-v5t839142m4a.nl/,https://raw.githubusercontent.com/openphish/public_feed/refs/heads/main/feed.txt
https://secure-en-blockfi-sso-cdn-sso.webflow.io/,https://raw.githubusercontent.com/openphish/public_feed/refs/heads/main/feed.txt
https://t17-xcvnmbekwuhuweitmsnvoiqa.vercel.app/caseid/10001770TR9126899.html,https://raw.githubusercontent.com/openphish/public_feed/refs/heads/main/feed.txt
http://ee-help-account.firebaseapp.com/,https://raw.githubusercontent.com/openphish/public_feed/refs/heads/main/feed.txt
http://kucoinkulogin.godaddysites.com/,https://raw.githubusercontent.com/openphish/public_feed/refs/heads/main/feed.txt
https://various-areas-570778.framer.app/,https://raw.githubusercontent.com/openphish/public_feed/refs/heads/main/feed.txt
http://netcoinsloginchart.webflow.io/,https://raw.githubusercontent.com/openphish/public_feed/refs/heads/main/feed.txt
http://kuqzoiinlgin.godaddysites.com/,https://raw.githubusercontent.com/openphish/public_feed/refs/heads/main/feed.txt
http://junos-five-star-site-3cb4c9.webflow.io/,https://raw.githubusercontent.com/openphish/public_feed/refs/heads/main/feed.txt
https://www.whatsapppbusiness.online/,https://raw.githubusercontent.com/openphish/public_feed/refs/heads/main/feed.txt
http://www.netflix-nine-alpha.vercel.app/,https://raw.githubusercontent.com/openphish/public_feed/refs/heads/main/feed.txt
http://metamask-docs-git-infuracreditpricing-metamask-web.vercel.app/,https://raw.githubusercontent.com/openphish/public_feed/refs/heads/main/feed.txt
http://www.allstarfenceco.net/,https://raw.githubusercontent.com/openphish/public_feed/refs/heads/main/feed.txt
https://metatradetrustlink.com/,https://raw.githubusercontent.com/openphish/public_feed/refs/heads/main/feed.txt
https://dev-data.jimpike.com.au/mobile/front,https://raw.githubusercontent.com/openphish/public_feed/refs/heads/main/feed.txt
https://reporting.production.jimpike.com.au/mobile/front,https://raw.githubusercontent.com/openphish/public_feed/refs/heads/main/feed.txt
https://dash-demo.jimpike.com.au/mobile/front,https://raw.githubusercontent.com/openphish/public_feed/refs/heads/main/feed.txt
https://beta.dashboard.jimpike.com.au/mobile/front,https://raw.githubusercontent.com/openphish/public_feed/refs/heads/main/feed.txt
https://bi.preview.jimpike.com.au/mobile/front,https://raw.githubusercontent.com/openphish/public_feed/refs/heads/main/feed.txt
https://report.uat.jimpike.com.au/mobile/front,https://raw.githubusercontent.com/openphish/public_feed/refs/heads/main/feed.txt
https://reporting.preprod.jimpike.com.au/mobile/front,https://raw.githubusercontent.com/openphish/public_feed/refs/heads/main/feed.txt
https://qa-dash.jimpike.com.au/mobile/front,https://raw.githubusercontent.com/openphish/public_feed/refs/heads/main/feed.txt
https://dev.reporting.jimpike.com.au/mobile/front,https://raw.githubusercontent.com/openphish/public_feed/refs/heads/main/feed.txt
https://report.dev.jimpike.com.au/mobile/front,https://raw.githubusercontent.com/openphish/public_feed/refs/heads/main/feed.txt
https://cml5761.webmo.fr/ka/JA/f86ee6c/Sign_in.php,https://raw.githubusercontent.com/openphish/public_feed/refs/heads/main/feed.txt
http://kuucoinerrunogin.godaddysites.com/,https://raw.githubusercontent.com/openphish/public_feed/refs/heads/main/feed.txt
https://singiepolnt.uspark.digital/login.php?token=e117e84e6e9521791d11958b62b2357b,https://raw.githubusercontent.com/openphish/public_feed/refs/heads/main/feed.txt
http://www.tiktokshop999.vip/,https://raw.githubusercontent.com/openphish/public_feed/refs/heads/main/feed.txt
https://secure-en-ledger-public.weebly.com/,https://raw.githubusercontent.com/openphish/public_feed/refs/heads/main/feed.txt
https://prathamacharya1116.github.io/netflix-landingpage-clone/,https://raw.githubusercontent.com/openphish/public_feed/refs/heads/main/feed.txt
http://activation.icibnk.com/,https://raw.githubusercontent.com/openphish/public_feed/refs/heads/main/feed.txt
https://_dmarc.webdisk.jimpike.com.au/mobile/front,https://raw.githubusercontent.com/openphish/public_feed/refs/heads/main/feed.txt
https://auth.attollo.com.au/mobile/front,https://raw.githubusercontent.com/openphish/public_feed/refs/heads/main/feed.txt
https://dashboard.jimpike.com.au/mobile/front,https://raw.githubusercontent.com/openphish/public_feed/refs/heads/main/feed.txt
https://beta.insight.jimpike.com.au/mobile/front,https://raw.githubusercontent.com/openphish/public_feed/refs/heads/main/feed.txt
https://preprod.analytic.jimpike.com.au/mobile/front,https://raw.githubusercontent.com/openphish/public_feed/refs/heads/main/feed.txt
https://autodiscover.jimpike.com.au/mobile/front,https://raw.githubusercontent.com/openphish/public_feed/refs/heads/main/feed.txt
https://dashboard-alpha.jimpike.com.au/mobile/front,https://raw.githubusercontent.com/openphish/public_feed/refs/heads/main/feed.txt
https://preprod.report.jimpike.com.au/mobile/front,https://raw.githubusercontent.com/openphish/public_feed/refs/heads/main/feed.txt
https://data-demo.jimpike.com.au/mobile/front,https://raw.githubusercontent.com/openphish/public_feed/refs/heads/main/feed.txt
https://preprod.dashboard.jimpike.com.au/mobile/front,https://raw.githubusercontent.com/openphish/public_feed/refs/heads/main/feed.txt
https://insight.preprod.jimpike.com.au/mobile/front,https://raw.githubusercontent.com/openphish/public_feed/refs/heads/main/feed.txt
https://data.dev.jimpike.com.au/mobile/front,https://raw.githubusercontent.com/openphish/public_feed/refs/heads/main/feed.txt
https://www.mx4.attollo.com.au/mobile/front,https://raw.githubusercontent.com/openphish/public_feed/refs/heads/main/feed.txt
https://www.mx4.attollo.com.au/mobile/front/,https://raw.githubusercontent.com/openphish/public_feed/refs/heads/main/feed.txt
https://kuldeepshrivastavv.github.io/Netflix-clone/,https://raw.githubusercontent.com/openphish/public_feed/refs/heads/main/feed.txt
http://mahi21tha.github.io/,https://raw.githubusercontent.com/openphish/public_feed/refs/heads/main/feed.txt
https://xscdfvr4e3.blogspot.si/,https://raw.githubusercontent.com/openphish/public_feed/refs/heads/main/feed.txt
https://vluke1.github.io/DriveOne/?182fd182f9298bbc0ce0e9a24956d7a8melvnt39=U2FsdGVkX1/QPAXi3ByVxRyWPG70eqRAiamY9gcTFjo6Uwf+FmUx/pN1SgsziPZvqPkgDKXkhTACUtws7w+UhT5iHp8Ab/0+fdPvrbYm4MAE0odSppwVFW/Evp7RSTG75uCgZYOYVGZCitkZ2PJLUYYUnpUpaiTFM+T4GffUqsycf8+Lhkw9mX1u0iuS3hezs8BywZmljFJ3Grb/ogejaDOyMxWzpHmIrkjKVilkh7vpF6v134I9PoJhOlmS6okm/Tkts20+H/saxZQoMCmIxjQTCmyXgc/R6bGNPlKwFVil4EUcT2bONDwlhlw/Djhk/B/ddmogUWLbPVqfR38u3fK5CWA37Y2d4omgy2fgrNZX0xRQEIt1p2bp0PRSgOjhSdGoUZtMH9ZjZCLajlWKI10bfUZcwn58zWH8bs09X1DtpxKrNL7jXAuVgdr8EEzymaPnk6ClsuV1ecCHyMwUeXd6HCF6+uEvsq+ckEsCmhs9tAG3J9GUTzfQI8QiGbq52S7d6ig9kC6ZrsLgAAXvQ/Z3qdzguRxS/XnH10fp0FT0Ml8EC9q5PIdpSTACoLywDsZQ5uNTcFr93OIueZn4jgLmpmIN86GnNFkKMB1j755HDKRSGv304aMoFjR+oeVAc5R72jaS+k38hl9EN+LmFBb2ExsRB/13/8iXGOObrKMkxNjTWr98RlrtdMdPxUWjqYoJXnplKvSm1Ah2OKAsJ8PUtt4eo+KKCxa5AmOuVMuA1fae+zR+RX+2Hz9RNPMzzNhghkvVkZYaqbvuOq8hLFTj1wj0jn1fkW8PoHe+DotiFAOwiMt66egtcpX55sQj5Htkr8BhkHo8BGlz1nJTc4Zp3Fcoq6nEhfYa7INRdNH4+RP2vQUIshJ7MzMlP0J8ZFXtjc4XQUeF/DmJAqjUjxvTFZ/ZWt69BbeMZEAdzvKF+DXt8lzJFVejd6yPvtKV6SVhz0UcH4/ut4pTRzlob4iQLFaYkDS+S/KpfADURoc5/TB1TM6FaYZPvYFs/CO3TLPc+A4mk+PooYyTFqoW0n3r7WcLP9UNyHcN5xCGP/iQ8EXg8wGillnnUu80dRXyvaS4MQ8VVwXX7XfTVCY2ozVz08eskF1O04SniEDB74qJAGC9CdwO0hknwyy3qTNR0CzB9zF3ZqLZ+Iv2ZsFWiFQpVpy6RT/c/ExjWJCVlwWgvyTv1hoQJxGZpd1LwKB3nptcuSQ6fB7I4jzM/96pE8ft6gc9c6FJA7m5EVQ5sFq2lYeepJIYT4JNL/CFxyDNKatixZ8ivDa2zytIajxnZ/8QTQOmhdiB+V+H7dQbwqkhrr7gHI8IhX4cAuJ9wULK,https://raw.githubusercontent.com/openphish/public_feed/refs/heads/main/feed.txt
http://candid-pudding-d20289.netlify.app/,https://raw.githubusercontent.com/openphish/public_feed/refs/heads/main/feed.txt
http://www.activation.icibnk.com/,https://raw.githubusercontent.com/openphish/public_feed/refs/heads/main/feed.txt
https://www.netflix-clone-eta-ten-85.vercel.app/,https://raw.githubusercontent.com/openphish/public_feed/refs/heads/main/feed.txt
http://www.net-signin.vercel.app/,https://raw.githubusercontent.com/openphish/public_feed/refs/heads/main/feed.txt
https://logu-kucon.godaddysites.com/,https://raw.githubusercontent.com/openphish/public_feed/refs/heads/main/feed.txt
http://wsedsrh32.blogspot.tw/,https://raw.githubusercontent.com/openphish/public_feed/refs/heads/main/feed.txt
https://www.2g4ewf333.blogspot.mx/,https://raw.githubusercontent.com/openphish/public_feed/refs/heads/main/feed.txt
https://2g4ewf333.blogspot.com/,https://raw.githubusercontent.com/openphish/public_feed/refs/heads/main/feed.txt
https://2g4ewf333.blogspot.mx/,https://raw.githubusercontent.com/openphish/public_feed/refs/heads/main/feed.txt
http://wallet-coinbase-com.typedream.app/,https://raw.githubusercontent.com/openphish/public_feed/refs/heads/main/feed.txt
https://www.5675678.com/,https://raw.githubusercontent.com/openphish/public_feed/refs/heads/main/feed.txt
https://xscdfvr4e3.blogspot.com/,https://raw.githubusercontent.com/openphish/public_feed/refs/heads/main/feed.txt
https://www.xscdfvr4e3.blogspot.si/,https://raw.githubusercontent.com/openphish/public_feed/refs/heads/main/feed.txt
http://hadi454.github.io/netfilix-clon,https://raw.githubusercontent.com/openphish/public_feed/refs/heads/main/feed.txt
https://8a7u.tap3597w44.cc/,https://raw.githubusercontent.com/openphish/public_feed/refs/heads/main/feed.txt
https://www.tap3597w44.cc/,https://raw.githubusercontent.com/openphish/public_feed/refs/heads/main/feed.txt
http://kurakenloggin.godaddysites.com/,https://raw.githubusercontent.com/openphish/public_feed/refs/heads/main/feed.txt
http://www.gxpy.cn/,https://raw.githubusercontent.com/openphish/public_feed/refs/heads/main/feed.txt
https://www.whatusiapp.com/,https://raw.githubusercontent.com/openphish/public_feed/refs/heads/main/feed.txt
https://villarreals.net/,https://raw.githubusercontent.com/openphish/public_feed/refs/heads/main/feed.txt
http://instagram.dlscomunicacao.com.br/,https://raw.githubusercontent.com/openphish/public_feed/refs/heads/main/feed.txt
https://chauhandiya2311.github.io/Amazon/,https://raw.githubusercontent.com/openphish/public_feed/refs/heads/main/feed.txt
https://www.perkinsartandsignsupply.com/,https://raw.githubusercontent.com/openphish/public_feed/refs/heads/main/feed.txt
http://sso-visit--itrustcapital.webflow.io/,https://raw.githubusercontent.com/openphish/public_feed/refs/heads/main/feed.txt
http://shop.tiktokshopwholesale.com/,https://raw.githubusercontent.com/openphish/public_feed/refs/heads/main/feed.txt
https://gixec1.work.gd/,https://raw.githubusercontent.com/openphish/public_feed/refs/heads/main/feed.txt
https://www.kirklandelli.pro/,https://raw.githubusercontent.com/openphish/public_feed/refs/heads/main/feed.txt
https://dlfscoplots.com/1/,https://raw.githubusercontent.com/openphish/public_feed/refs/heads/main/feed.txt
https://copyright-accountscenter.github.io/,https://raw.githubusercontent.com/openphish/public_feed/refs/heads/main/feed.txt
https://ipfs.io/ipfs/bafkreifws7qpi5rno7vpxv2bbmd7lq4evepue2x5owcsxezwk7rjsfqrym,https://raw.githubusercontent.com/openphish/public_feed/refs/heads/main/feed.txt
https://ipfs.io/ipfs/bafkreicczbrrx43m6fnbgckrfyrewlna3wx7tazjpncsac4scagp27226e,https://raw.githubusercontent.com/openphish/public_feed/refs/heads/main/feed.txt
https://ipfs.io/ipfs/bafybeiabqbaxipoj3z6izwi4vgrb7w4623aig4rsk35xyaw5kkp5il5woy/432.html,https://raw.githubusercontent.com/openphish/public_feed/refs/heads/main/feed.txt
http://usalgixa-mupohld.godaddysites.com/,https://raw.githubusercontent.com/openphish/public_feed/refs/heads/main/feed.txt
http://ipfs.io/ipfs/bafybeiaxlad6tojwrfqa5w3vmto57hjhvjfxcfg4gkjqj55pmbjlm2vucu,https://raw.githubusercontent.com/openphish/public_feed/refs/heads/main/feed.txt
http://wap.cherrypopper.net/,https://raw.githubusercontent.com/openphish/public_feed/refs/heads/main/feed.txt
http://accounts.marketwebb.me/en/login/,https://raw.githubusercontent.com/openphish/public_feed/refs/heads/main/feed.txt
https://avsecurity.be/-/1061/Login.html,https://raw.githubusercontent.com/openphish/public_feed/refs/heads/main/feed.txt
https://avsecurity.be/-/1061/,https://raw.githubusercontent.com/openphish/public_feed/refs/heads/main/feed.txt
http://avsecurity.be/-/31092/,https://raw.githubusercontent.com/openphish/public_feed/refs/heads/main/feed.txt
http://eacdbgf.pilot45.com/,https://raw.githubusercontent.com/openphish/public_feed/refs/heads/main/feed.txt
https://edfdewsdef.blogspot.my/,https://raw.githubusercontent.com/openphish/public_feed/refs/heads/main/feed.txt
https://www.amazon-by-anjali.vercel.app/,https://raw.githubusercontent.com/openphish/public_feed/refs/heads/main/feed.txt
https://www.edfdewsdef.blogspot.my/,https://raw.githubusercontent.com/openphish/public_feed/refs/heads/main/feed.txt
https://www.help.extension-coinbasecom.addpotion.com/,https://raw.githubusercontent.com/openphish/public_feed/refs/heads/main/feed.txt
http://www.help.coinbase-wallet-extension.addpotion.com/,https://raw.githubusercontent.com/openphish/public_feed/refs/heads/main/feed.txt
http://www.ext.wallet-coinbasecom.addpotion.com/,https://raw.githubusercontent.com/openphish/public_feed/refs/heads/main/feed.txt
https://www.out.attollo.com.au/mobile/login,https://raw.githubusercontent.com/openphish/public_feed/refs/heads/main/feed.txt
https://www.data-demo.jimpike.com.au/mobile/login,https://raw.githubusercontent.com/openphish/public_feed/refs/heads/main/feed.txt
https://vpc26mdt29t3biwn.jimpike.com.au/mobile/login,https://raw.githubusercontent.com/openphish/public_feed/refs/heads/main/feed.txt
https://mailout.attollo.com.au/mobile/front,https://raw.githubusercontent.com/openphish/public_feed/refs/heads/main/feed.txt
https://mailout.attollo.com.au/mobile/login,https://raw.githubusercontent.com/openphish/public_feed/refs/heads/main/feed.txt
https://bet73027.com/fish/172,https://raw.githubusercontent.com/openphish/public_feed/refs/heads/main/feed.txt
http://gimenilogiseni.webflow.io/,https://raw.githubusercontent.com/openphish/public_feed/refs/heads/main/feed.txt
https://bi-development.jimpike.com.au/mobile/login,https://raw.githubusercontent.com/openphish/public_feed/refs/heads/main/feed.txt
https://secure-blockfie-app-auth-cdn.webflow.io/,https://raw.githubusercontent.com/openphish/public_feed/refs/heads/main/feed.txt
https://spam.jimpike.com.au/mobile/login,https://raw.githubusercontent.com/openphish/public_feed/refs/heads/main/feed.txt
https://www.mailout.attollo.com.au/mobile/login,https://raw.githubusercontent.com/openphish/public_feed/refs/heads/main/feed.txt
https://bet73027.com/poker/109,https://raw.githubusercontent.com/openphish/public_feed/refs/heads/main/feed.txt
https://argo.qa.jimpike.com.au/mobile/login,https://raw.githubusercontent.com/openphish/public_feed/refs/heads/main/feed.txt
https://mx1.jimpike.com.au/mobile/front,https://raw.githubusercontent.com/openphish/public_feed/refs/heads/main/feed.txt
https://sublimesurfboards.com/mobile/login,https://raw.githubusercontent.com/openphish/public_feed/refs/heads/main/feed.txt
https://home.attollo.com.au/mobile/login,https://raw.githubusercontent.com/openphish/public_feed/refs/heads/main/feed.txt
https://workflow.preview.jimpike.com.au/mobile/login,https://raw.githubusercontent.com/openphish/public_feed/refs/heads/main/feed.txt
https://send.attollo.com.au/mobile/login,https://raw.githubusercontent.com/openphish/public_feed/refs/heads/main/feed.txt
https://host.attollo.com.au/mobile/login,https://raw.githubusercontent.com/openphish/public_feed/refs/heads/main/feed.txt
https://workflow.production.jimpike.com.au/mobile/login,https://raw.githubusercontent.com/openphish/public_feed/refs/heads/main/feed.txt
https://test.analytic.jimpike.com.au/mobile/login,https://raw.githubusercontent.com/openphish/public_feed/refs/heads/main/feed.txt
https://kvmypwww.analytic.staging.jimpike.com.au/mobile/login,https://raw.githubusercontent.com/openphish/public_feed/refs/heads/main/feed.txt
https://mail.spacom.com.au/mobile/login,https://raw.githubusercontent.com/openphish/public_feed/refs/heads/main/feed.txt
https://insight.development.jimpike.com.au/mobile/login,https://raw.githubusercontent.com/openphish/public_feed/refs/heads/main/feed.txt
https://mx2.jimpike.com.au/mobile/login,https://raw.githubusercontent.com/openphish/public_feed/refs/heads/main/feed.txt
https://uat.jimpike.com.au/mobile/login,https://raw.githubusercontent.com/openphish/public_feed/refs/heads/main/feed.txt
https://smtp.comune.attollo.com.au/mobile/login,https://raw.githubusercontent.com/openphish/public_feed/refs/heads/main/feed.txt
https://preprod-workflow.jimpike.com.au/mobile/login,https://raw.githubusercontent.com/openphish/public_feed/refs/heads/main/feed.txt
https://seed.attollo.com.au/mobile/login,https://raw.githubusercontent.com/openphish/public_feed/refs/heads/main/feed.txt
https://smtp.attollo.com.au/mobile/login,https://raw.githubusercontent.com/openphish/public_feed/refs/heads/main/feed.txt
https://mailx.attollo.com.au/mobile/login,https://raw.githubusercontent.com/openphish/public_feed/refs/heads/main/feed.txt
https://out.jimpike.com.au/mobile/login,https://raw.githubusercontent.com/openphish/public_feed/refs/heads/main/feed.txt
https://www.workflow.production.jimpike.com.au/mobile/login,https://raw.githubusercontent.com/openphish/public_feed/refs/heads/main/feed.txt
https://z530jlfj5i3iu26j.argo.jimpike.com.au/mobile/login,https://raw.githubusercontent.com/openphish/public_feed/refs/heads/main/feed.txt
https://mailrelay.attollo.com.au/mobile/login,https://raw.githubusercontent.com/openphish/public_feed/refs/heads/main/feed.txt
https://www.vdi.jimpike.com.au/mobile/login,https://raw.githubusercontent.com/openphish/public_feed/refs/heads/main/feed.txt
https://www.mx1.jimpike.com.au/mobile/login,https://raw.githubusercontent.com/openphish/public_feed/refs/heads/main/feed.txt
https://postmaster.jimpike.com.au/mobile/login,https://raw.githubusercontent.com/openphish/public_feed/refs/heads/main/feed.txt
https://sandbox-data.jimpike.com.au/mobile/login,https://raw.githubusercontent.com/openphish/public_feed/refs/heads/main/feed.txt
https://reporting.production.jimpike.com.au/mobile/login,https://raw.githubusercontent.com/openphish/public_feed/refs/heads/main/feed.txt
https://report-alpha.jimpike.com.au/mobile/login,https://raw.githubusercontent.com/openphish/public_feed/refs/heads/main/feed.txt
https://reporting.preprod.jimpike.com.au/mobile/login,https://raw.githubusercontent.com/openphish/public_feed/refs/heads/main/feed.txt
https://www.ggijxsauokmail.jimpike.com.au/mobile/login,https://raw.githubusercontent.com/openphish/public_feed/refs/heads/main/feed.txt
https://insight.preprod.jimpike.com.au/mobile/login,https://raw.githubusercontent.com/openphish/public_feed/refs/heads/main/feed.txt
https://cn9hj1cp5qcaagi8mks0.jimpike.com.au/mobile/login,https://raw.githubusercontent.com/openphish/public_feed/refs/heads/main/feed.txt
https://uat.analytic.jimpike.com.au/mobile/login,https://raw.githubusercontent.com/openphish/public_feed/refs/heads/main/feed.txt
https://dev.jimpike.com.au/mobile/login,https://raw.githubusercontent.com/openphish/public_feed/refs/heads/main/feed.txt
https://dash.jimpike.com.au/mobile/login,https://raw.githubusercontent.com/openphish/public_feed/refs/heads/main/feed.txt
https://analytics.staging.jimpike.com.au/mobile/login,https://raw.githubusercontent.com/openphish/public_feed/refs/heads/main/feed.txt
https://cicd.attollo.com.au/mobile/login,https://raw.githubusercontent.com/openphish/public_feed/refs/heads/main/feed.txt
https://imap1.attollo.com.au/mobile/login,https://raw.githubusercontent.com/openphish/public_feed/refs/heads/main/feed.txt
https://mail7.attollo.com.au/mobile/login,https://raw.githubusercontent.com/openphish/public_feed/refs/heads/main/feed.txt
https://mail.afid.com.au/mobile/login,https://raw.githubusercontent.com/openphish/public_feed/refs/heads/main/feed.txt
https://zmail.attollo.com.au/mobile/login,https://raw.githubusercontent.com/openphish/public_feed/refs/heads/main/feed.txt
https://www.staging.report.jimpike.com.au/mobile/login,https://raw.githubusercontent.com/openphish/public_feed/refs/heads/main/feed.txt
https://vmail.attollo.com.au/mobile/login,https://raw.githubusercontent.com/openphish/public_feed/refs/heads/main/feed.txt
https://analytics-beta.jimpike.com.au/mobile/login,https://raw.githubusercontent.com/openphish/public_feed/refs/heads/main/feed.txt
https://cicd.jimpike.com.au/mobile/login,https://raw.githubusercontent.com/openphish/public_feed/refs/heads/main/feed.txt
https://integration-bi.jimpike.com.au/mobile/login,https://raw.githubusercontent.com/openphish/public_feed/refs/heads/main/feed.txt
https://hotfix.bi.jimpike.com.au/mobile/login,https://raw.githubusercontent.com/openphish/public_feed/refs/heads/main/feed.txt
https://ftp.jimpike.com.au/mobile/login,https://raw.githubusercontent.com/openphish/public_feed/refs/heads/main/feed.txt
https://dashboard-hotfix.jimpike.com.au/mobile/login,https://raw.githubusercontent.com/openphish/public_feed/refs/heads/main/feed.txt
https://vip.attollo.com.au/mobile/login,https://raw.githubusercontent.com/openphish/public_feed/refs/heads/main/feed.txt
https://test-dashboard.jimpike.com.au/mobile/login,https://raw.githubusercontent.com/openphish/public_feed/refs/heads/main/feed.txt
https://production.insight.jimpike.com.au/mobile/login,https://raw.githubusercontent.com/openphish/public_feed/refs/heads/main/feed.txt
https://www.workflow.preview.jimpike.com.au/mobile/login,https://raw.githubusercontent.com/openphish/public_feed/refs/heads/main/feed.txt
https://production.dashboard.jimpike.com.au/mobile/login,https://raw.githubusercontent.com/openphish/public_feed/refs/heads/main/feed.txt
http://www.netflix-web.vercel.app/,https://raw.githubusercontent.com/openphish/public_feed/refs/heads/main/feed.txt
https://mail2.jimpike.com.au/mobile/login,https://raw.githubusercontent.com/openphish/public_feed/refs/heads/main/feed.txt
https://krasnodar.jimpike.com.au/mobile/login,https://raw.githubusercontent.com/openphish/public_feed/refs/heads/main/feed.txt
https://post.attollo.com.au/mobile/login,https://raw.githubusercontent.com/openphish/public_feed/refs/heads/main/feed.txt
https://mail.eccolo.com.au/mobile/login,https://raw.githubusercontent.com/openphish/public_feed/refs/heads/main/feed.txt
https://hotfix.jimpike.com.au/mobile/login,https://raw.githubusercontent.com/openphish/public_feed/refs/heads/main/feed.txt
https://alpha.workflow.jimpike.com.au/mobile/login,https://raw.githubusercontent.com/openphish/public_feed/refs/heads/main/feed.txt
https://uat.superset.jimpike.com.au/mobile/login,https://raw.githubusercontent.com/openphish/public_feed/refs/heads/main/feed.txt
https://development-dashboard.jimpike.com.au/mobile/login,https://raw.githubusercontent.com/openphish/public_feed/refs/heads/main/feed.txt
https://mbox.attollo.com.au/mobile/login,https://raw.githubusercontent.com/openphish/public_feed/refs/heads/main/feed.txt
https://art.attollo.com.au/mobile/login,https://raw.githubusercontent.com/openphish/public_feed/refs/heads/main/feed.txt
https://secure.jimpike.com.au/mobile/login,https://raw.githubusercontent.com/openphish/public_feed/refs/heads/main/feed.txt
https://bi.qa.jimpike.com.au/mobile/login,https://raw.githubusercontent.com/openphish/public_feed/refs/heads/main/feed.txt
https://mail4.attollo.com.au/mobile/login,https://raw.githubusercontent.com/openphish/public_feed/refs/heads/main/feed.txt
https://autodiscover.jimpike.com.au/mobile/login,https://raw.githubusercontent.com/openphish/public_feed/refs/heads/main/feed.txt
https://mx02.attollo.com.au/mobile/login,https://raw.githubusercontent.com/openphish/public_feed/refs/heads/main/feed.txt
https://bi.hotfix.jimpike.com.au/mobile/login,https://raw.githubusercontent.com/openphish/public_feed/refs/heads/main/feed.txt
https://bi-dev.jimpike.com.au/mobile/login,https://raw.githubusercontent.com/openphish/public_feed/refs/heads/main/feed.txt
https://bi.staging.jimpike.com.au/mobile/login,https://raw.githubusercontent.com/openphish/public_feed/refs/heads/main/feed.txt
https://perm.jimpike.com.au/mobile/login,https://raw.githubusercontent.com/openphish/public_feed/refs/heads/main/feed.txt
https://ns.attollo.com.au/mobile/login,https://raw.githubusercontent.com/openphish/public_feed/refs/heads/main/feed.txt
https://www.krasnodar.jimpike.com.au/mobile/login,https://raw.githubusercontent.com/openphish/public_feed/refs/heads/main/feed.txt
https://secure.attollo.com.au/mobile/login,https://raw.githubusercontent.com/openphish/public_feed/refs/heads/main/feed.txt
https://mx5.attollo.com.au/mobile/login,https://raw.githubusercontent.com/openphish/public_feed/refs/heads/main/feed.txt
https://agent.jimpike.com.au/mobile/login,https://raw.githubusercontent.com/openphish/public_feed/refs/heads/main/feed.txt
https://4n4syv39ict80eno.jimpike.com.au/mobile/login,https://raw.githubusercontent.com/openphish/public_feed/refs/heads/main/feed.txt
https://postmaster.attollo.com.au/mobile/login,https://raw.githubusercontent.com/openphish/public_feed/refs/heads/main/feed.txt
https://prod-analytics.jimpike.com.au/mobile/login,https://raw.githubusercontent.com/openphish/public_feed/refs/heads/main/feed.txt
https://beta.dashboard.jimpike.com.au/mobile/login,https://raw.githubusercontent.com/openphish/public_feed/refs/heads/main/feed.txt
https://www1.attollo.com.au/mobile/login,https://raw.githubusercontent.com/openphish/public_feed/refs/heads/main/feed.txt
https://qa.jimpike.com.au/mobile/login,https://raw.githubusercontent.com/openphish/public_feed/refs/heads/main/feed.txt
https://www.report.dev.jimpike.com.au/mobile/login,https://raw.githubusercontent.com/openphish/public_feed/refs/heads/main/feed.txt
https://evolution.jimpike.com.au/mobile/login,https://raw.githubusercontent.com/openphish/public_feed/refs/heads/main/feed.txt
https://mailhost.attollo.com.au/mobile/login,https://raw.githubusercontent.com/openphish/public_feed/refs/heads/main/feed.txt
https://relay1.attollo.com.au/mobile/login,https://raw.githubusercontent.com/openphish/public_feed/refs/heads/main/feed.txt
https://server1.attollo.com.au/mobile/login,https://raw.githubusercontent.com/openphish/public_feed/refs/heads/main/feed.txt
https://smtp2.jimpike.com.au/mobile/login,https://raw.githubusercontent.com/openphish/public_feed/refs/heads/main/feed.txt
https://pop.jimpike.com.au/mobile/login,https://raw.githubusercontent.com/openphish/public_feed/refs/heads/main/feed.txt
https://mx0.attollo.com.au/mobile/login,https://raw.githubusercontent.com/openphish/public_feed/refs/heads/main/feed.txt
https://poc.jimpike.com.au/mobile/login,https://raw.githubusercontent.com/openphish/public_feed/refs/heads/main/feed.txt
https://eml.attollo.com.au/mobile/login,https://raw.githubusercontent.com/openphish/public_feed/refs/heads/main/feed.txt
https://www.qa-data.jimpike.com.au/mobile/login,https://raw.githubusercontent.com/openphish/public_feed/refs/heads/main/feed.txt
https://sandbox.superset.jimpike.com.au/mobile/login,https://raw.githubusercontent.com/openphish/public_feed/refs/heads/main/feed.txt
https://production.jimpike.com.au/mobile/login,https://raw.githubusercontent.com/openphish/public_feed/refs/heads/main/feed.txt
https://ssl.attollo.com.au/mobile/login,https://raw.githubusercontent.com/openphish/public_feed/refs/heads/main/feed.txt
https://hotfix-data.jimpike.com.au/mobile/login,https://raw.githubusercontent.com/openphish/public_feed/refs/heads/main/feed.txt
https://www.bi.hotfix.jimpike.com.au/mobile/login,https://raw.githubusercontent.com/openphish/public_feed/refs/heads/main/feed.txt
https://imap.attollo.com.au/mobile/login,https://raw.githubusercontent.com/openphish/public_feed/refs/heads/main/feed.txt
https://firewall.jimpike.com.au/mobile/login,https://raw.githubusercontent.com/openphish/public_feed/refs/heads/main/feed.txt
https://ms.attollo.com.au/mobile/login,https://raw.githubusercontent.com/openphish/public_feed/refs/heads/main/feed.txt
https://m.attollo.com.au/mobile/login,https://raw.githubusercontent.com/openphish/public_feed/refs/heads/main/feed.txt
https://mailx.jimpike.com.au/mobile/login,https://raw.githubusercontent.com/openphish/public_feed/refs/heads/main/feed.txt
https://imap2.attollo.com.au/mobile/login,https://raw.githubusercontent.com/openphish/public_feed/refs/heads/main/feed.txt
https://uat.report.jimpike.com.au/mobile/login,https://raw.githubusercontent.com/openphish/public_feed/refs/heads/main/feed.txt
https://superset.integration.jimpike.com.au/mobile/login,https://raw.githubusercontent.com/openphish/public_feed/refs/heads/main/feed.txt
https://dashboard.jimpike.com.au/mobile/login,https://raw.githubusercontent.com/openphish/public_feed/refs/heads/main/feed.txt
https://demo-bi.jimpike.com.au/mobile/login,https://raw.githubusercontent.com/openphish/public_feed/refs/heads/main/feed.txt
https://kafka.uat.jimpike.com.au/mobile/login,https://raw.githubusercontent.com/openphish/public_feed/refs/heads/main/feed.txt
https://hermes.attollo.com.au/mobile/login,https://raw.githubusercontent.com/openphish/public_feed/refs/heads/main/feed.txt
https://pop.attollo.com.au/mobile/login,https://raw.githubusercontent.com/openphish/public_feed/refs/heads/main/feed.txt
https://analytics-poc.jimpike.com.au/mobile/login,https://raw.githubusercontent.com/openphish/public_feed/refs/heads/main/feed.txt
https://production-insight.jimpike.com.au/mobile/login,https://raw.githubusercontent.com/openphish/public_feed/refs/heads/main/feed.txt
https://www.uat.superset.jimpike.com.au/mobile/login,https://raw.githubusercontent.com/openphish/public_feed/refs/heads/main/feed.txt
https://demo-dashboard.jimpike.com.au/mobile/login,https://raw.githubusercontent.com/openphish/public_feed/refs/heads/main/feed.txt
https://cn9hj14p5qcaagi8mkrg.jimpike.com.au/mobile/login,https://raw.githubusercontent.com/openphish/public_feed/refs/heads/main/feed.txt
https://email.jimpike.com.au/mobile/login,https://raw.githubusercontent.com/openphish/public_feed/refs/heads/main/feed.txt
https://www.insight-production.jimpike.com.au/mobile/login,https://raw.githubusercontent.com/openphish/public_feed/refs/heads/main/feed.txt
https://beta.jimpike.com.au/mobile/login,https://raw.githubusercontent.com/openphish/public_feed/refs/heads/main/feed.txt
https://lomke0ap2jlcmu3j.workflow.jimpike.com.au/mobile/login,https://raw.githubusercontent.com/openphish/public_feed/refs/heads/main/feed.txt
https://mail6.attollo.com.au/mobile/login,https://raw.githubusercontent.com/openphish/public_feed/refs/heads/main/feed.txt
https://udtxj9bv46ah816n.jimpike.com.au/mobile/login,https://raw.githubusercontent.com/openphish/public_feed/refs/heads/main/feed.txt
https://ns2.jimpike.com.au/mobile/login,https://raw.githubusercontent.com/openphish/public_feed/refs/heads/main/feed.txt
https://analytic-preview.jimpike.com.au/mobile/login,https://raw.githubusercontent.com/openphish/public_feed/refs/heads/main/feed.txt
https://newmail.jimpike.com.au/mobile/login,https://raw.githubusercontent.com/openphish/public_feed/refs/heads/main/feed.txt
https://www.bi-demo.jimpike.com.au/mobile/login,https://raw.githubusercontent.com/openphish/public_feed/refs/heads/main/feed.txt
https://ns1.jimpike.com.au/mobile/login,https://raw.githubusercontent.com/openphish/public_feed/refs/heads/main/feed.txt
https://www.test.analytic.jimpike.com.au/mobile/login,https://raw.githubusercontent.com/openphish/public_feed/refs/heads/main/feed.txt
https://www.workflow.hotfix.jimpike.com.au/mobile/login,https://raw.githubusercontent.com/openphish/public_feed/refs/heads/main/feed.txt
https://prod-data.jimpike.com.au/mobile/login,https://raw.githubusercontent.com/openphish/public_feed/refs/heads/main/feed.txt
https://autodiscover.attollo.com.au/mobile/login,https://raw.githubusercontent.com/openphish/public_feed/refs/heads/main/feed.txt
https://www.argo-alpha.jimpike.com.au/mobile/login,https://raw.githubusercontent.com/openphish/public_feed/refs/heads/main/feed.txt
https://mx2.attollo.com.au/mobile/login,https://raw.githubusercontent.com/openphish/public_feed/refs/heads/main/feed.txt
https://mailgw.attollo.com.au/mobile/login,https://raw.githubusercontent.com/openphish/public_feed/refs/heads/main/feed.txt
https://post.jimpike.com.au/mobile/login,https://raw.githubusercontent.com/openphish/public_feed/refs/heads/main/feed.txt
https://news.cpcalendars.attollo.com.au/mobile/login,https://raw.githubusercontent.com/openphish/public_feed/refs/heads/main/feed.txt
https://www.analytic.staging.jimpike.com.au/mobile/login,https://raw.githubusercontent.com/openphish/public_feed/refs/heads/main/feed.txt
https://dashboard-test.jimpike.com.au/mobile/login,https://raw.githubusercontent.com/openphish/public_feed/refs/heads/main/feed.txt
https://ipv6.jimpike.com.au/mobile/login,https://raw.githubusercontent.com/openphish/public_feed/refs/heads/main/feed.txt
https://workflows.jimpike.com.au/mobile/login,https://raw.githubusercontent.com/openphish/public_feed/refs/heads/main/feed.txt
https://test.jimpike.com.au/mobile/login,https://raw.githubusercontent.com/openphish/public_feed/refs/heads/main/feed.txt
https://www.dmarc.ipv6.attollo.com.au/mobile/login,https://raw.githubusercontent.com/openphish/public_feed/refs/heads/main/feed.txt
https://insight-production.jimpike.com.au/mobile/login,https://raw.githubusercontent.com/openphish/public_feed/refs/heads/main/feed.txt
https://beta-argo.jimpike.com.au/mobile/login,https://raw.githubusercontent.com/openphish/public_feed/refs/heads/main/feed.txt
https://workflow.alpha.jimpike.com.au/mobile/login,https://raw.githubusercontent.com/openphish/public_feed/refs/heads/main/feed.txt
https://dmarc.webdisk.jimpike.com.au/mobile/login,https://raw.githubusercontent.com/openphish/public_feed/refs/heads/main/feed.txt
https://smtp1.attollo.com.au/mobile/login,https://raw.githubusercontent.com/openphish/public_feed/refs/heads/main/feed.txt
https://www.newmail.attollo.com.au/mobile/login,https://raw.githubusercontent.com/openphish/public_feed/refs/heads/main/feed.txt
https://smtp-qa.jimpike.com.au/mobile/login,https://raw.githubusercontent.com/openphish/public_feed/refs/heads/main/feed.txt
https://www.beta.insight.jimpike.com.au/mobile/login,https://raw.githubusercontent.com/openphish/public_feed/refs/heads/main/feed.txt
https://73081694.le0-dkid8f-dikdj.pages.dev/,https://raw.githubusercontent.com/openphish/public_feed/refs/heads/main/feed.txt
http://meta4masskklo-gin.godaddysites.com/,https://raw.githubusercontent.com/openphish/public_feed/refs/heads/main/feed.txt
https://www.suporte.jimpike.com.au/mobile/login/,https://raw.githubusercontent.com/openphish/public_feed/refs/heads/main/feed.txt
http://you1.knowitall.wiki/,https://raw.githubusercontent.com/openphish/public_feed/refs/heads/main/feed.txt
https://net-signin.vercel.app/,https://raw.githubusercontent.com/openphish/public_feed/refs/heads/main/feed.txt
http://kucoiinlog-usa-in.godaddysites.com/,https://raw.githubusercontent.com/openphish/public_feed/refs/heads/main/feed.txt
http://jp.binance.bitby.cc/,https://raw.githubusercontent.com/openphish/public_feed/refs/heads/main/feed.txt
https://chat.afiliadomarket.com.br/type-01-instagram-ct2wna6,https://raw.githubusercontent.com/openphish/public_feed/refs/heads/main/feed.txt
https://ipfs.io/ipfs/bafybeidcvyz7lychenke7tvlkcq7pomq4u3hht6dtf6pc5dlqfaltzzkge,https://raw.githubusercontent.com/openphish/public_feed/refs/heads/main/feed.txt
https://pabid.xyz/,https://raw.githubusercontent.com/openphish/public_feed/refs/heads/main/feed.txt
https://pub-12e87c331352468ca1d6c19adf1c7eff.r2.dev/index.html,https://raw.githubusercontent.com/openphish/public_feed/refs/heads/main/feed.txt
https://5056334e-593a-447e-8ad6-816029d69dc5-00-3eazb6somiyji.spock.replit.dev/,https://raw.githubusercontent.com/openphish/public_feed/refs/heads/main/feed.txt
http://meatmaskogin-ua-us.godaddysites.com/,https://raw.githubusercontent.com/openphish/public_feed/refs/heads/main/feed.txt
http://upholyducloggin.godaddysites.com/,https://raw.githubusercontent.com/openphish/public_feed/refs/heads/main/feed.txt
http://linkccx-ld-webs.vanxx.co/,https://raw.githubusercontent.com/openphish/public_feed/refs/heads/main/feed.txt
https://pabay.xyz/,https://raw.githubusercontent.com/openphish/public_feed/refs/heads/main/feed.txt
https://tffwadafil.online/,https://raw.githubusercontent.com/openphish/public_feed/refs/heads/main/feed.txt
https://paback.xyz/,https://raw.githubusercontent.com/openphish/public_feed/refs/heads/main/feed.txt
http://mobile-event.exchange-midasbuy.com/,https://raw.githubusercontent.com/openphish/public_feed/refs/heads/main/feed.txt
https://seconddoc5.npkn.net/695b07/,https://raw.githubusercontent.com/openphish/public_feed/refs/heads/main/feed.txt
https://getrid-inovattinf0-spongel1i7.vercel.app/,https://raw.githubusercontent.com/openphish/public_feed/refs/heads/main/feed.txt
https://gov.winteao-uk.qpon/index.html,https://raw.githubusercontent.com/openphish/public_feed/refs/heads/main/feed.txt
https://gov.wintexx-uk.qpon/index.html,https://raw.githubusercontent.com/openphish/public_feed/refs/heads/main/feed.txt
https://gov.winteau-uk.qpon/index.html,https://raw.githubusercontent.com/openphish/public_feed/refs/heads/main/feed.txt
https://gov.wintebe-uk.qpon/index.html,https://raw.githubusercontent.com/openphish/public_feed/refs/heads/main/feed.txt
https://gov.wintexv-uk.qpon/index.html,https://raw.githubusercontent.com/openphish/public_feed/refs/heads/main/feed.txt
https://gov.wintexu-uk.qpon/index.html,https://raw.githubusercontent.com/openphish/public_feed/refs/heads/main/feed.txt
