dest_ip,dest_port,metadata_comment
5.95.121.180,4153,proxylist.txt
185.172.214.112,80,proxylist.txt
185.88.177.197,80,proxylist.txt
5.252.33.13,2025,proxylist.txt
45.131.5.118,80,proxylist.txt
45.131.5.221,80,proxylist.txt
66.235.200.3,80,proxylist.txt
172.67.80.69,80,proxylist.txt
172.67.172.174,80,proxylist.txt
185.238.228.189,80,proxylist.txt
31.43.179.13,80,proxylist.txt
172.67.254.108,80,proxylist.txt
172.67.181.180,80,proxylist.txt
213.250.198.146,7777,proxylist.txt
202.136.88.210,11011,proxylist.txt
61.9.34.118,58765,proxylist.txt
38.54.1.17,8888,proxylist.txt
111.61.73.175,7302,proxylist.txt
198.177.254.157,4145,proxylist.txt
223.27.82.91,1080,proxylist.txt
103.187.39.21,1080,proxylist.txt
103.82.27.24,10001,proxylist.txt
221.202.27.194,10806,proxylist.txt
113.212.109.40,1080,proxylist.txt
8.219.148.250,1011,proxylist.txt
8.210.89.96,1080,proxylist.txt
192.252.208.70,14282,proxylist.txt
8.219.172.7,1011,proxylist.txt
47.237.172.201,1011,proxylist.txt
37.18.73.60,5566,proxylist.txt
5.160.103.162,1080,proxylist.txt
121.169.46.116,1090,proxylist.txt
198.199.86.11,1080,proxylist.txt
185.149.240.155,1080,proxylist.txt
89.169.36.109,1080,proxylist.txt
18.194.195.73,80,proxylist.txt
18.216.55.100,80,proxylist.txt
172.67.153.171,80,proxylist.txt
170.114.45.166,80,proxylist.txt
141.101.123.173,80,proxylist.txt
185.238.228.165,80,proxylist.txt
172.67.255.249,80,proxylist.txt
172.67.177.1,80,proxylist.txt
172.67.176.88,80,proxylist.txt
103.21.244.6,80,proxylist.txt
103.169.53.145,8080,proxylist.txt
77.65.50.118,34159,proxylist.txt
47.89.184.18,3128,proxylist.txt
67.201.59.70,4145,proxylist.txt
142.54.231.38,4145,proxylist.txt
115.127.107.106,1080,proxylist.txt
72.37.216.68,4145,proxylist.txt
192.111.135.17,18302,proxylist.txt
192.252.215.5,16137,proxylist.txt
185.162.228.44,80,proxylist.txt
208.102.51.6,58208,proxylist.txt
206.220.175.2,4145,proxylist.txt
216.68.128.121,4145,proxylist.txt
37.32.24.181,1080,proxylist.txt
202.5.60.46,1080,proxylist.txt
220.247.166.135,8008,proxylist.txt
72.49.49.11,31034,proxylist.txt
106.13.58.110,8888,proxylist.txt
160.25.8.26,11011,proxylist.txt
65.109.27.32,1080,proxylist.txt
72.195.34.60,27391,proxylist.txt
98.178.72.21,10919,proxylist.txt
199.102.105.242,4145,proxylist.txt
199.229.254.129,4145,proxylist.txt
199.58.184.97,4145,proxylist.txt
184.170.249.65,4145,proxylist.txt
184.170.245.148,4145,proxylist.txt
192.111.137.37,18762,proxylist.txt
192.111.137.35,4145,proxylist.txt
199.102.106.94,4145,proxylist.txt
199.102.107.145,4145,proxylist.txt
192.111.135.18,18301,proxylist.txt
192.111.139.165,4145,proxylist.txt
162.253.68.97,4145,proxylist.txt
199.102.104.70,4145,proxylist.txt
199.116.114.11,4145,proxylist.txt
192.111.134.10,4145,proxylist.txt
199.58.185.9,4145,proxylist.txt
184.170.248.5,4145,proxylist.txt
192.252.216.81,4145,proxylist.txt
198.8.94.174,39078,proxylist.txt
192.252.220.92,17328,proxylist.txt
192.252.214.20,15864,proxylist.txt
192.252.208.67,14287,proxylist.txt
192.252.211.197,14921,proxylist.txt
192.111.139.162,4145,proxylist.txt
192.111.138.29,4145,proxylist.txt
192.111.130.2,4145,proxylist.txt
192.252.209.155,14455,proxylist.txt
45.12.30.14,80,proxylist.txt
102.68.128.210,8080,proxylist.txt
38.54.71.67,80,proxylist.txt
154.65.39.7,80,proxylist.txt
123.30.154.171,7777,proxylist.txt
107.181.161.81,4145,proxylist.txt
107.181.168.145,4145,proxylist.txt
104.200.135.46,4145,proxylist.txt
104.200.152.30,4145,proxylist.txt
142.54.237.34,4145,proxylist.txt
142.54.229.249,4145,proxylist.txt
142.54.239.1,4145,proxylist.txt
62.162.193.125,8081,proxylist.txt
84.39.112.144,3128,proxylist.txt
107.152.98.5,4145,proxylist.txt
142.54.236.97,4145,proxylist.txt
142.54.235.9,4145,proxylist.txt
142.54.232.6,4145,proxylist.txt
142.54.228.193,4145,proxylist.txt
142.54.226.214,4145,proxylist.txt
74.119.147.209,4145,proxylist.txt
74.119.144.60,4145,proxylist.txt
104.37.135.145,4145,proxylist.txt
98.170.57.249,4145,proxylist.txt
98.170.57.231,4145,proxylist.txt
98.188.47.150,4145,proxylist.txt
98.188.47.132,4145,proxylist.txt
66.42.224.229,41679,proxylist.txt
69.61.200.104,36181,proxylist.txt
72.37.217.3,4145,proxylist.txt
68.71.247.130,4145,proxylist.txt
68.71.254.6,4145,proxylist.txt
68.71.249.153,48606,proxylist.txt
67.201.33.10,25283,proxylist.txt
70.166.167.38,57728,proxylist.txt
70.166.167.55,57745,proxylist.txt
72.195.34.42,4145,proxylist.txt
45.131.6.49,80,proxylist.txt
141.94.195.25,25043,proxylist.txt
103.86.135.34,5678,proxylist.txt
198.177.252.24,4145,proxylist.txt
72.206.74.126,4145,proxylist.txt
98.182.171.161,4145,proxylist.txt
172.67.170.16,80,proxylist.txt
140.245.102.185,3128,proxylist.txt
52.188.28.218,3128,proxylist.txt
133.18.234.13,80,proxylist.txt
41.191.203.161,80,proxylist.txt
213.143.113.82,80,proxylist.txt
185.238.228.23,80,proxylist.txt
172.64.159.136,80,proxylist.txt
203.95.199.159,8080,proxylist.txt
172.67.70.33,80,proxylist.txt
188.114.96.1,80,proxylist.txt
46.160.90.81,5678,proxylist.txt
154.16.146.43,80,proxylist.txt
14.224.200.249,1452,proxylist.txt
97.83.40.67,5678,proxylist.txt
8.243.68.10,8080,proxylist.txt
199.187.210.54,4145,proxylist.txt
192.252.210.233,4145,proxylist.txt
172.67.139.67,80,proxylist.txt
172.65.90.1,80,proxylist.txt
172.65.90.2,80,proxylist.txt
172.65.90.0,80,proxylist.txt
63.141.128.57,80,proxylist.txt
65.1.148.157,80,proxylist.txt
47.57.13.107,80,proxylist.txt
172.67.159.0,80,proxylist.txt
172.64.78.198,80,proxylist.txt
143.42.66.91,80,proxylist.txt
221.202.27.194,10810,proxylist.txt
203.95.198.35,8080,proxylist.txt
49.0.2.243,5430,proxylist.txt
143.92.61.148,8082,proxylist.txt
113.192.31.19,8090,proxylist.txt
8.209.255.114,20172,proxylist.txt
4.195.16.140,80,proxylist.txt
43.156.183.112,1080,proxylist.txt
47.252.29.28,11222,proxylist.txt
47.243.94.125,1080,proxylist.txt
47.56.110.204,8989,proxylist.txt
173.245.49.230,80,proxylist.txt
172.67.70.169,80,proxylist.txt
103.21.244.26,80,proxylist.txt
173.245.49.239,80,proxylist.txt
45.131.5.172,80,proxylist.txt
103.21.244.40,80,proxylist.txt
103.21.244.156,80,proxylist.txt
103.21.244.203,80,proxylist.txt
172.67.187.248,80,proxylist.txt
172.67.172.162,80,proxylist.txt
172.67.167.202,80,proxylist.txt
198.98.48.76,31280,proxylist.txt
176.65.132.67,8080,proxylist.txt
47.237.161.248,1100,proxylist.txt
41.191.203.160,80,proxylist.txt
8.219.97.248,80,proxylist.txt
87.250.60.66,8080,proxylist.txt
222.59.173.105,45192,proxylist.txt
24.37.245.42,51056,proxylist.txt
159.224.232.194,8888,proxylist.txt
32.223.6.94,80,proxylist.txt
213.33.126.130,80,proxylist.txt
141.101.90.109,80,proxylist.txt
47.176.213.210,39593,proxylist.txt
4.245.123.244,80,proxylist.txt
62.99.138.162,80,proxylist.txt
172.67.209.12,80,proxylist.txt
23.227.39.66,80,proxylist.txt
172.67.189.112,80,proxylist.txt
172.64.144.2,80,proxylist.txt
45.12.30.120,80,proxylist.txt
45.12.30.59,80,proxylist.txt
172.67.180.50,80,proxylist.txt
223.25.109.114,8199,proxylist.txt
47.116.185.185,1080,proxylist.txt
122.116.125.115,8888,proxylist.txt
45.73.0.118,5678,proxylist.txt
213.142.156.97,80,proxylist.txt
181.174.164.221,80,proxylist.txt
23.237.210.82,80,proxylist.txt
45.6.101.97,4153,proxylist.txt
45.61.188.134,44499,proxylist.txt
23.227.39.233,80,proxylist.txt
172.64.90.57,80,proxylist.txt
94.23.222.122,10581,proxylist.txt
197.164.101.13,1981,proxylist.txt
192.252.211.193,4145,proxylist.txt
41.191.203.167,80,proxylist.txt
189.202.188.149,80,proxylist.txt
4.156.78.45,80,proxylist.txt
94.159.106.252,1080,proxylist.txt
213.222.34.200,4145,proxylist.txt
192.252.209.158,4145,proxylist.txt
171.248.209.242,1080,proxylist.txt
103.118.46.61,8080,proxylist.txt
50.122.86.118,80,proxylist.txt
203.19.38.114,1080,proxylist.txt
88.198.212.91,3128,proxylist.txt
103.154.152.104,2020,proxylist.txt
170.244.27.142,8888,proxylist.txt
170.244.26.195,8888,proxylist.txt
170.244.27.58,8888,proxylist.txt
170.244.27.61,8888,proxylist.txt
170.244.27.150,8888,proxylist.txt
170.244.26.36,8888,proxylist.txt
170.244.25.52,8888,proxylist.txt
170.244.26.206,8888,proxylist.txt
172.64.78.69,80,proxylist.txt
141.101.122.199,80,proxylist.txt
195.29.122.132,60606,proxylist.txt
45.234.100.112,1080,proxylist.txt
91.132.92.150,80,proxylist.txt
134.209.29.120,8080,proxylist.txt
202.65.127.194,1080,proxylist.txt
45.249.122.198,8080,proxylist.txt
161.35.70.249,8080,proxylist.txt
77.246.100.210,8080,proxylist.txt
67.201.58.190,4145,proxylist.txt
68.71.241.33,4145,proxylist.txt
193.239.103.13,44769,proxylist.txt
160.251.142.232,80,proxylist.txt
45.174.94.26,999,proxylist.txt
45.171.111.255,999,proxylist.txt
195.219.98.27,5678,proxylist.txt
43.135.36.240,80,proxylist.txt
45.131.6.26,80,proxylist.txt
195.85.23.152,80,proxylist.txt
172.64.153.235,80,proxylist.txt
188.114.96.138,80,proxylist.txt
63.141.128.176,80,proxylist.txt
23.227.39.212,80,proxylist.txt
31.43.179.177,80,proxylist.txt
45.115.112.142,11011,proxylist.txt
45.126.125.206,8443,proxylist.txt
195.158.8.123,3128,proxylist.txt
161.35.70.249,80,proxylist.txt
159.203.61.169,80,proxylist.txt
209.97.150.167,80,proxylist.txt
194.219.134.234,80,proxylist.txt
43.163.124.13,20000,proxylist.txt
139.162.78.109,8080,proxylist.txt
41.65.55.10,1976,proxylist.txt
43.135.36.240,6555,proxylist.txt
172.67.68.245,80,proxylist.txt
45.131.7.3,80,proxylist.txt
185.162.230.115,80,proxylist.txt
45.12.31.9,80,proxylist.txt
41.223.234.116,37259,proxylist.txt
39.185.41.193,5911,proxylist.txt
39.175.80.225,1080,proxylist.txt
172.67.140.91,80,proxylist.txt
63.141.128.187,80,proxylist.txt
141.101.121.92,80,proxylist.txt
173.245.49.223,80,proxylist.txt
45.131.6.62,80,proxylist.txt
172.67.174.90,80,proxylist.txt
185.238.228.35,80,proxylist.txt
23.227.38.213,80,proxylist.txt
38.194.243.62,999,proxylist.txt
103.21.244.194,80,proxylist.txt
172.67.93.9,80,proxylist.txt
172.67.192.8,80,proxylist.txt
69.84.182.8,80,proxylist.txt
45.12.30.251,80,proxylist.txt
185.162.231.103,80,proxylist.txt
37.187.29.43,17612,proxylist.txt
37.186.66.36,3629,proxylist.txt
36.138.53.26,10017,proxylist.txt
63.141.128.126,80,proxylist.txt
172.67.230.203,80,proxylist.txt
66.235.200.220,80,proxylist.txt
141.94.70.195,46797,proxylist.txt
221.202.27.194,10807,proxylist.txt
184.170.251.30,11288,proxylist.txt
34.41.115.197,3128,proxylist.txt
31.128.41.253,28080,proxylist.txt
31.169.65.90,1080,proxylist.txt
172.67.147.152,80,proxylist.txt
172.67.163.136,80,proxylist.txt
141.101.123.194,80,proxylist.txt
172.67.254.184,80,proxylist.txt
172.67.218.3,80,proxylist.txt
45.12.30.162,80,proxylist.txt
24.76.21.10,5678,proxylist.txt
96.113.159.162,80,proxylist.txt
194.152.44.171,80,proxylist.txt
172.67.201.200,80,proxylist.txt
66.235.200.19,80,proxylist.txt
172.67.232.51,80,proxylist.txt
172.67.70.66,80,proxylist.txt
222.66.69.78,23344,proxylist.txt
208.65.90.3,4145,proxylist.txt
198.177.253.13,4145,proxylist.txt
198.177.254.131,4145,proxylist.txt
67.201.35.145,4145,proxylist.txt
68.71.251.134,4145,proxylist.txt
98.191.0.47,4145,proxylist.txt
72.207.33.64,4145,proxylist.txt
72.223.188.67,4145,proxylist.txt
98.190.239.3,4145,proxylist.txt
72.207.109.5,4145,proxylist.txt
192.111.129.150,4145,proxylist.txt
68.71.242.118,4145,proxylist.txt
67.201.39.14,4145,proxylist.txt
68.71.249.158,4145,proxylist.txt
68.71.240.210,4145,proxylist.txt
68.71.245.206,4145,proxylist.txt
68.71.243.14,4145,proxylist.txt
142.54.237.38,4145,proxylist.txt
199.116.112.6,4145,proxylist.txt
98.170.57.241,4145,proxylist.txt
98.191.0.37,4145,proxylist.txt
192.252.220.89,4145,proxylist.txt
70.166.65.160,4145,proxylist.txt
192.73.244.36,80,proxylist.txt
160.153.0.33,80,proxylist.txt
160.153.0.14,80,proxylist.txt
45.131.208.113,80,proxylist.txt
172.67.118.146,80,proxylist.txt
45.12.31.161,80,proxylist.txt
172.67.180.40,80,proxylist.txt
172.67.70.102,80,proxylist.txt
141.101.123.214,80,proxylist.txt
220.197.44.36,3128,proxylist.txt
221.224.140.140,51080,proxylist.txt
218.75.224.4,3309,proxylist.txt
221.202.27.194,10809,proxylist.txt
221.231.13.198,1080,proxylist.txt
218.77.183.214,5224,proxylist.txt
218.188.156.138,3128,proxylist.txt
199.127.176.139,64312,proxylist.txt
68.71.252.38,4145,proxylist.txt
172.67.182.76,80,proxylist.txt
192.200.160.141,80,proxylist.txt
192.200.160.167,80,proxylist.txt
172.67.201.231,80,proxylist.txt
23.227.39.250,80,proxylist.txt
217.218.242.75,5678,proxylist.txt
217.144.187.208,8118,proxylist.txt
177.38.245.110,55713,proxylist.txt
213.249.123.18,1080,proxylist.txt
190.242.157.215,8080,proxylist.txt
69.84.182.144,80,proxylist.txt
190.58.248.86,80,proxylist.txt
185.238.228.10,80,proxylist.txt
108.162.193.60,80,proxylist.txt
108.162.193.190,80,proxylist.txt
141.101.123.185,80,proxylist.txt
172.67.70.46,80,proxylist.txt
185.162.231.24,80,proxylist.txt
173.245.49.3,80,proxylist.txt
173.245.49.186,80,proxylist.txt
45.131.4.154,80,proxylist.txt
45.131.4.10,80,proxylist.txt
141.101.123.149,80,proxylist.txt
45.131.4.189,80,proxylist.txt
172.67.94.111,80,proxylist.txt
211.230.49.122,3128,proxylist.txt
209.97.150.167,3128,proxylist.txt
98.175.31.195,4145,proxylist.txt
172.64.42.3,80,proxylist.txt
172.67.69.65,80,proxylist.txt
23.227.39.241,80,proxylist.txt
190.109.72.10,33633,proxylist.txt
172.67.70.153,80,proxylist.txt
23.227.39.33,80,proxylist.txt
208.65.90.21,4145,proxylist.txt
58.216.109.14,800,proxylist.txt
188.166.230.109,31028,proxylist.txt
188.40.57.101,80,proxylist.txt
185.162.228.200,80,proxylist.txt
66.235.200.106,80,proxylist.txt
188.114.96.14,80,proxylist.txt
172.67.182.85,80,proxylist.txt
202.74.243.130,1080,proxylist.txt
72.195.101.99,4145,proxylist.txt
45.131.4.183,80,proxylist.txt
23.227.39.139,80,proxylist.txt
141.101.123.30,80,proxylist.txt
23.227.38.181,80,proxylist.txt
103.21.244.80,80,proxylist.txt
141.98.112.161,61337,proxylist.txt
34.124.190.108,8080,proxylist.txt
206.42.24.248,4153,proxylist.txt
138.199.25.13,3903,proxylist.txt
188.114.96.116,80,proxylist.txt
188.114.96.108,80,proxylist.txt
172.67.88.159,80,proxylist.txt
141.101.123.179,80,proxylist.txt
172.67.177.209,80,proxylist.txt
172.67.181.51,80,proxylist.txt
45.12.31.76,80,proxylist.txt
45.12.31.173,80,proxylist.txt
203.76.220.126,16464,proxylist.txt
203.76.126.34,1080,proxylist.txt
204.109.59.194,3121,proxylist.txt
203.25.208.163,1011,proxylist.txt
186.180.73.50,9090,proxylist.txt
36.110.143.55,8080,proxylist.txt
23.227.39.96,80,proxylist.txt
103.21.244.162,80,proxylist.txt
172.67.70.168,80,proxylist.txt
185.170.166.40,80,proxylist.txt
45.131.5.239,80,proxylist.txt
172.67.254.153,80,proxylist.txt
172.67.75.236,80,proxylist.txt
154.83.2.176,80,proxylist.txt
154.83.2.115,80,proxylist.txt
172.67.170.3,80,proxylist.txt
58.216.109.18,800,proxylist.txt
172.65.90.3,80,proxylist.txt
61.158.175.38,9002,proxylist.txt
172.67.191.229,80,proxylist.txt
172.64.78.193,80,proxylist.txt
172.66.40.251,80,proxylist.txt
103.21.244.72,80,proxylist.txt
45.12.31.86,80,proxylist.txt
172.67.70.234,80,proxylist.txt
141.101.122.206,80,proxylist.txt
141.101.122.33,80,proxylist.txt
172.67.170.8,80,proxylist.txt
141.101.122.227,80,proxylist.txt
45.85.119.200,80,proxylist.txt
190.2.104.201,4153,proxylist.txt
141.101.121.38,80,proxylist.txt
81.12.157.98,5678,proxylist.txt
146.56.162.25,80,proxylist.txt
147.185.161.120,80,proxylist.txt
66.235.200.37,80,proxylist.txt
23.227.39.38,80,proxylist.txt
172.67.70.53,80,proxylist.txt
45.131.7.214,80,proxylist.txt
172.67.238.77,80,proxylist.txt
103.21.244.240,80,proxylist.txt
14.29.236.128,7897,proxylist.txt
45.131.6.10,80,proxylist.txt
172.67.70.116,80,proxylist.txt
103.21.244.108,80,proxylist.txt
45.12.31.53,80,proxylist.txt
139.162.78.109,80,proxylist.txt
139.59.1.14,3128,proxylist.txt
139.60.209.2,80,proxylist.txt
172.67.169.51,80,proxylist.txt
172.67.194.35,80,proxylist.txt
185.221.160.178,80,proxylist.txt
138.59.165.85,1025,proxylist.txt
185.238.228.66,80,proxylist.txt
206.238.238.248,80,proxylist.txt
172.67.222.230,80,proxylist.txt
45.12.30.42,80,proxylist.txt
172.67.182.90,80,proxylist.txt
177.10.84.192,4145,proxylist.txt
205.233.181.85,80,proxylist.txt
172.67.161.225,80,proxylist.txt
172.67.166.145,80,proxylist.txt
45.131.6.209,80,proxylist.txt
172.64.91.42,80,proxylist.txt
173.245.49.88,80,proxylist.txt
45.12.30.165,80,proxylist.txt
202.88.239.210,8080,proxylist.txt
202.59.89.43,8080,proxylist.txt
202.74.243.182,228,proxylist.txt
58.241.88.18,800,proxylist.txt
134.209.29.120,80,proxylist.txt
41.191.203.163,80,proxylist.txt
128.199.202.122,80,proxylist.txt
172.64.78.71,80,proxylist.txt
211.128.96.206,80,proxylist.txt
40.177.65.8,80,proxylist.txt
35.197.89.213,80,proxylist.txt
172.64.78.163,80,proxylist.txt
172.64.78.34,80,proxylist.txt
125.228.94.153,4145,proxylist.txt
172.64.78.50,80,proxylist.txt
13.230.34.30,80,proxylist.txt
125.228.94.199,4145,proxylist.txt
23.227.39.236,80,proxylist.txt
63.141.128.52,80,proxylist.txt
103.21.244.119,80,proxylist.txt
103.21.244.79,80,proxylist.txt
202.5.36.152,1628,proxylist.txt
202.5.52.75,1080,proxylist.txt
202.40.186.70,1080,proxylist.txt
110.74.195.152,1080,proxylist.txt
116.68.203.3,3128,proxylist.txt
98.178.72.30,4145,proxylist.txt
72.223.188.92,4145,proxylist.txt
98.182.147.97,4145,proxylist.txt
202.181.16.173,3325,proxylist.txt
202.40.177.94,5678,proxylist.txt
185.170.166.57,80,proxylist.txt
172.67.245.159,80,proxylist.txt
141.193.213.215,80,proxylist.txt
66.235.200.47,80,proxylist.txt
172.67.231.237,80,proxylist.txt
172.67.172.152,80,proxylist.txt
45.12.31.60,80,proxylist.txt
185.162.228.56,80,proxylist.txt
202.179.88.233,51951,proxylist.txt
201.186.41.170,999,proxylist.txt
61.79.72.201,80,proxylist.txt
188.114.96.1,80,proxylist.txt
23.227.39.232,80,proxylist.txt
172.64.40.184,80,proxylist.txt
200.24.148.235,999,proxylist.txt
200.105.192.6,5678,proxylist.txt
200.174.198.158,8888,proxylist.txt
172.65.90.1,80,proxylist.txt
23.227.39.131,80,proxylist.txt
20.78.26.206,8561,proxylist.txt
20.78.118.91,8561,proxylist.txt
20.27.15.111,8561,proxylist.txt
198.52.243.21,9999,proxylist.txt
199.34.228.104,80,proxylist.txt
5.10.247.9,80,proxylist.txt
34.194.41.221,80,proxylist.txt
103.21.244.54,80,proxylist.txt
198.177.56.250,80,proxylist.txt
197.218.16.16,3128,proxylist.txt
196.204.83.232,1981,proxylist.txt
45.131.7.230,80,proxylist.txt
172.67.104.244,80,proxylist.txt
172.67.110.111,80,proxylist.txt
172.67.191.62,80,proxylist.txt
103.21.244.61,80,proxylist.txt
103.21.244.150,80,proxylist.txt
45.12.30.78,80,proxylist.txt
185.162.229.48,80,proxylist.txt
45.12.31.47,80,proxylist.txt
172.67.167.214,80,proxylist.txt
188.114.99.176,80,proxylist.txt
45.131.5.29,80,proxylist.txt
141.101.120.17,80,proxylist.txt
23.227.38.220,80,proxylist.txt
23.227.38.194,80,proxylist.txt
45.131.5.206,80,proxylist.txt
185.238.228.89,80,proxylist.txt
113.204.79.230,9091,proxylist.txt
63.141.128.104,80,proxylist.txt
172.67.176.198,80,proxylist.txt
23.227.39.154,80,proxylist.txt
111.3.102.207,30001,proxylist.txt
185.146.173.20,80,proxylist.txt
141.101.122.126,80,proxylist.txt
103.21.244.241,80,proxylist.txt
172.67.181.252,80,proxylist.txt
185.162.230.26,80,proxylist.txt
172.67.180.10,80,proxylist.txt
172.67.206.108,80,proxylist.txt
110.242.70.68,443,proxylist.txt
67.201.33.10,25283,proxylist.txt
45.131.208.11,80,proxylist.txt
172.67.177.58,80,proxylist.txt
103.184.67.25,1080,proxylist.txt
59.153.18.93,19201,proxylist.txt
45.131.7.99,80,proxylist.txt
141.101.120.121,80,proxylist.txt
108.162.199.4,80,proxylist.txt
172.67.180.34,80,proxylist.txt
164.38.155.31,80,proxylist.txt
172.67.138.92,80,proxylist.txt
103.21.244.149,80,proxylist.txt
31.43.179.51,80,proxylist.txt
185.238.228.15,80,proxylist.txt
141.101.120.207,80,proxylist.txt
141.193.213.19,80,proxylist.txt
172.67.185.241,80,proxylist.txt
172.64.151.2,80,proxylist.txt
31.43.179.245,80,proxylist.txt
172.67.167.220,80,proxylist.txt
45.12.31.137,80,proxylist.txt
180.173.154.222,60606,proxylist.txt
72.195.34.59,4145,proxylist.txt
172.67.203.14,80,proxylist.txt
141.193.213.40,80,proxylist.txt
45.159.219.139,80,proxylist.txt
172.64.154.2,80,proxylist.txt
185.238.228.197,80,proxylist.txt
45.12.30.146,80,proxylist.txt
172.67.176.25,80,proxylist.txt
185.170.166.89,80,proxylist.txt
170.114.46.8,80,proxylist.txt
45.131.5.202,80,proxylist.txt
141.101.122.91,80,proxylist.txt
141.101.122.152,80,proxylist.txt
45.80.111.193,80,proxylist.txt
103.21.244.47,80,proxylist.txt
141.94.195.25,22558,proxylist.txt
141.101.120.128,80,proxylist.txt
172.67.247.184,80,proxylist.txt
185.162.231.71,80,proxylist.txt
185.162.231.208,80,proxylist.txt
185.162.230.239,80,proxylist.txt
172.67.254.134,80,proxylist.txt
66.235.200.124,80,proxylist.txt
45.131.4.50,80,proxylist.txt
141.101.121.250,80,proxylist.txt
141.101.120.142,80,proxylist.txt
172.67.213.136,80,proxylist.txt
159.112.235.217,80,proxylist.txt
154.194.12.249,80,proxylist.txt
172.67.196.69,80,proxylist.txt
45.131.4.2,80,proxylist.txt
45.131.4.195,80,proxylist.txt
141.101.122.249,80,proxylist.txt
141.101.122.137,80,proxylist.txt
141.101.122.49,80,proxylist.txt
141.101.122.42,80,proxylist.txt
141.101.122.63,80,proxylist.txt
141.101.122.179,80,proxylist.txt
172.67.81.185,80,proxylist.txt
45.131.4.14,80,proxylist.txt
31.43.179.131,80,proxylist.txt
5.10.245.165,80,proxylist.txt
172.64.53.198,80,proxylist.txt
45.131.4.181,80,proxylist.txt
45.131.7.76,80,proxylist.txt
45.131.4.254,80,proxylist.txt
108.162.199.219,80,proxylist.txt
45.131.6.211,80,proxylist.txt
58.216.109.17,800,proxylist.txt
172.67.70.185,80,proxylist.txt
45.131.6.11,80,proxylist.txt
172.64.32.249,80,proxylist.txt
63.141.128.246,80,proxylist.txt
141.193.213.36,80,proxylist.txt
103.21.244.67,80,proxylist.txt
185.162.229.68,80,proxylist.txt
172.67.180.35,80,proxylist.txt
154.194.12.8,80,proxylist.txt
108.162.195.56,80,proxylist.txt
45.131.4.223,80,proxylist.txt
188.114.96.59,80,proxylist.txt
103.21.244.111,80,proxylist.txt
45.12.30.233,80,proxylist.txt
172.67.180.52,80,proxylist.txt
66.42.224.229,41679,proxylist.txt
185.162.230.25,80,proxylist.txt
172.67.109.84,80,proxylist.txt
23.227.39.93,80,proxylist.txt
172.67.75.8,80,proxylist.txt
23.227.39.109,80,proxylist.txt
185.238.228.78,80,proxylist.txt
172.67.191.22,80,proxylist.txt
45.12.30.149,80,proxylist.txt
183.215.23.242,9091,proxylist.txt
172.65.90.3,80,proxylist.txt
108.162.199.141,80,proxylist.txt
172.64.84.87,80,proxylist.txt
185.162.229.213,80,proxylist.txt
172.65.90.46,80,proxylist.txt
102.209.18.204,8080,proxylist.txt
8.219.77.141,80,proxylist.txt
108.162.195.27,80,proxylist.txt
5.252.33.13,2025,proxylist.txt
102.132.36.145,8080,proxylist.txt
23.227.39.90,80,proxylist.txt
172.67.181.207,80,proxylist.txt
173.245.59.85,80,proxylist.txt
45.131.7.250,80,proxylist.txt
141.101.122.190,80,proxylist.txt
141.101.122.22,80,proxylist.txt
185.162.229.64,80,proxylist.txt
172.67.176.169,80,proxylist.txt
172.67.145.185,80,proxylist.txt
185.162.230.94,80,proxylist.txt
45.131.5.199,80,proxylist.txt
23.227.39.177,80,proxylist.txt
