dest_ip,dest_port,metadata_type,metadata_country
8.211.42.167,3129,HTTP/HTTPS,Germany - Frankfurt am Main
47.91.89.3,1000,HTTP/HTTPS,Germany - Frankfurt am Main
8.209.96.245,31433,HTTP/HTTPS,Germany - Frankfurt am Main
8.211.49.86,8008,HTTP/HTTPS,Germany - Frankfurt am Main
8.211.49.86,8081,HTTP/HTTPS,Germany - Frankfurt am Main
8.211.49.86,5007,HTTP/HTTPS,Germany - Frankfurt am Main
8.211.42.167,1234,HTTP/HTTPS,Germany - Frankfurt am Main
8.211.51.115,4000,HTTP/HTTPS,Germany - Frankfurt am Main
8.211.51.115,4145,HTTP/HTTPS,Germany - Frankfurt am Main
8.211.51.115,104,HTTP/HTTPS,Germany - Frankfurt am Main
8.209.96.245,89,HTTP/HTTPS,Germany - Frankfurt am Main
8.211.51.115,8443,HTTP/HTTPS,Germany - Frankfurt am Main
8.211.51.115,144,HTTP/HTTPS,Germany - Frankfurt am Main
8.211.42.167,80,HTTP/HTTPS,Germany - Frankfurt am Main
8.211.42.167,8080,HTTP/HTTPS,Germany - Frankfurt am Main
8.211.42.167,8005,HTTP/HTTPS,Germany - Frankfurt am Main
8.211.49.86,2002,HTTP/HTTPS,Germany - Frankfurt am Main
8.211.51.115,1036,HTTP/HTTPS,Germany - Frankfurt am Main
8.209.96.245,7070,HTTP/HTTPS,Germany - Frankfurt am Main
8.209.96.245,8081,HTTP/HTTPS,Germany - Frankfurt am Main
47.91.89.3,8040,HTTP/HTTPS,Germany - Frankfurt am Main
8.211.49.86,119,HTTP/HTTPS,Germany - Frankfurt am Main
8.211.51.115,4022,HTTP/HTTPS,Germany - Frankfurt am Main
8.211.51.115,31433,HTTP/HTTPS,Germany - Frankfurt am Main
8.211.51.115,1900,HTTP/HTTPS,Germany - Frankfurt am Main
194.59.204.87,9080,HTTP/HTTPS,Germany - Nuremberg
94.130.177.190,9999,HTTP/HTTPS,Germany - Nuremberg
8.211.51.115,10,HTTP/HTTPS,Germany - Frankfurt am Main
128.140.113.11,5153,HTTP/HTTPS,Germany - Falkenstein
8.209.96.245,9098,HTTP/HTTPS,Germany - Frankfurt am Main
194.58.33.7,3128,HTTP/HTTPS,Germany - Frankfurt am Main
8.211.49.86,8080,HTTP/HTTPS,Germany - Frankfurt am Main
144.31.73.173,3128,HTTP/HTTPS,Germany - Frankfurt am Main
8.211.42.167,6379,HTTP/HTTPS,Germany - Frankfurt am Main
176.94.224.86,8080,HTTP/HTTPS,Germany - Offenbach
46.8.112.212,3128,HTTP/HTTPS,Netherlands
92.119.126.229,8118,HTTP/HTTPS,France
191.252.111.160,7000,HTTP/HTTPS,Brazil
42.118.74.182,8118,HTTP/HTTPS,Vietnam
103.174.122.217,8080,HTTP/HTTPS,Indonesia
103.82.20.76,8080,HTTP/HTTPS,Vietnam
172.237.73.24,80,HTTP/HTTPS,Singapore
12.50.107.219,80,HTTP/HTTPS,United States
185.230.190.195,3128,HTTP/HTTPS,Finland
143.42.66.91,80,HTTP/HTTPS,Singapore
138.197.68.35,4857,HTTP/HTTPS,United States
203.162.13.26,6868,HTTP/HTTPS,Vietnam
117.236.124.166,3128,HTTP/HTTPS,India
176.61.151.123,80,HTTP/HTTPS,Portugal
5.202.191.225,8080,HTTP/HTTPS,Iran
45.157.140.12,1080,HTTP/HTTPS,Russian Federation
190.58.248.86,80,HTTP/HTTPS,Trinidad and Tobago
12.50.107.220,80,HTTP/HTTPS,United States
107.172.20.143,1080,HTTP/HTTPS,United States
78.189.49.28,1953,HTTP/HTTPS,Turkey
94.102.6.4,3310,HTTP/HTTPS,Turkey
78.189.92.15,1953,HTTP/HTTPS,Turkey
88.248.105.150,1953,HTTP/HTTPS,Turkey
85.105.98.6,5314,HTTP/HTTPS,Turkey
176.12.65.24,443,HTTP/HTTPS,Russian Federation
113.160.132.26,8080,HTTP/HTTPS,Vietnam
125.230.237.137,8080,HTTP/HTTPS,Taiwan
54.38.138.60,3128,HTTP/HTTPS,Poland
203.175.126.229,8000,HTTP/HTTPS,Indonesia
194.14.207.87,80,HTTP/HTTPS,Sweden
41.59.90.170,80,HTTP/HTTPS,Tanzania
150.241.116.167,443,HTTP/HTTPS,United States
114.6.27.84,8520,HTTP/HTTPS,Indonesia
202.28.194.139,31280,HTTP/HTTPS,Thailand
213.33.126.130,80,HTTP/HTTPS,Austria
212.47.232.28,80,HTTP/HTTPS,France
103.43.191.71,8888,HTTP/HTTPS,Singapore
41.220.16.208,80,HTTP/HTTPS,Zimbabwe
147.45.76.207,3128,HTTP/HTTPS,Sweden
174.137.134.182,2999,HTTP/HTTPS,United States
41.220.16.213,80,HTTP/HTTPS,Zimbabwe
183.110.216.159,8090,HTTP/HTTPS,South Korea
176.99.134.183,8090,HTTP/HTTPS,Russian Federation
27.34.242.98,80,HTTP/HTTPS,India
34.44.49.215,80,HTTP/HTTPS,United States
185.200.188.234,10001,HTTP/HTTPS,Russian Federation
125.209.110.83,39617,HTTP/HTTPS,Pakistan
103.81.194.167,8080,HTTP/HTTPS,Indonesia
47.252.18.37,8083,HTTP/HTTPS,United States
160.248.7.177,80,HTTP/HTTPS,Japan
156.38.112.11,80,HTTP/HTTPS,Ghana
197.255.126.69,80,HTTP/HTTPS,Ghana
197.255.125.12,80,HTTP/HTTPS,Ghana
101.36.123.203,8118,HTTP/HTTPS,Hong Kong
47.238.128.246,8002,HTTP/HTTPS,Hong Kong
46.249.100.124,80,HTTP/HTTPS,Germany
31.28.4.192,80,HTTP/HTTPS,Russian Federation
104.225.220.233,80,HTTP/HTTPS,United States
174.138.119.88,80,HTTP/HTTPS,United States
103.65.237.92,5678,HTTP/HTTPS,Indonesia
167.99.124.118,80,HTTP/HTTPS,United States
54.38.139.182,3128,HTTP/HTTPS,Poland
193.29.224.20,3128,HTTP/HTTPS,Finland
92.118.112.25,1082,HTTP/HTTPS,United States
178.217.168.164,55443,HTTP/HTTPS,Kyrgyzstan
65.108.203.37,28080,HTTP/HTTPS,Finland
45.32.8.165,6688,HTTP/HTTPS,Japan
64.188.77.26,3128,HTTP/HTTPS,Netherlands
103.69.96.15,8888,HTTP/HTTPS,Vietnam
187.72.215.33,3128,HTTP/HTTPS,Brazil
62.133.62.187,1081,HTTP/HTTPS,France
222.228.194.131,8080,HTTP/HTTPS,Japan
196.223.129.21,80,HTTP/HTTPS,South Africa
103.17.215.9,8089,HTTP/HTTPS,Cambodia
185.118.51.133,3128,HTTP/HTTPS,Azerbaijan
34.96.238.40,8080,HTTP/HTTPS,Hong Kong
182.53.202.208,8080,HTTP/HTTPS,Thailand
196.1.93.10,80,HTTP/HTTPS,Senegal
206.189.144.164,10808,HTTP/HTTPS,Singapore
199.247.29.193,50000,HTTP/HTTPS,Netherlands
103.254.110.225,10808,HTTP/HTTPS,Hong Kong
38.127.179.161,37234,HTTP/HTTPS,United States
138.124.106.230,443,HTTP/HTTPS,Germany
65.109.65.238,18080,HTTP/HTTPS,Finland
92.118.112.32,1082,HTTP/HTTPS,United States
85.104.111.214,1953,HTTP/HTTPS,Turkey
204.152.198.34,8080,HTTP/HTTPS,United States
130.49.218.108,1080,HTTP/HTTPS,Russian Federation
81.90.29.194,10808,HTTP/HTTPS,Iraq
62.133.62.3,1082,HTTP/HTTPS,France
170.82.194.134,3128,HTTP/HTTPS,Brazil
47.238.106.120,666,HTTP/HTTPS,Hong Kong
62.133.62.12,1081,HTTP/HTTPS,France
47.238.203.170,50000,HTTP/HTTPS,Hong Kong
5.202.120.123,3128,HTTP/HTTPS,Iran
172.233.77.45,1080,HTTP/HTTPS,Japan
104.154.186.48,80,HTTP/HTTPS,United States
49.51.228.35,81,HTTP/HTTPS,United States
151.243.153.157,8118,HTTP/HTTPS,Netherlands
8.219.97.248,80,HTTP/HTTPS,Singapore
198.46.137.27,6231,HTTP/HTTPS,United States
173.239.237.58,5704,HTTP/HTTPS,United States
174.140.200.127,6407,HTTP/HTTPS,United States
23.229.110.24,8552,HTTP/HTTPS,Canada
216.74.115.145,6739,HTTP/HTTPS,United States
92.113.246.30,5615,HTTP/HTTPS,Singapore
104.168.118.203,6159,HTTP/HTTPS,United States
184.174.43.252,6792,HTTP/HTTPS,United States
142.111.131.176,6254,HTTP/HTTPS,United States
23.27.203.177,6912,HTTP/HTTPS,United States
166.88.58.142,5867,HTTP/HTTPS,United States
38.154.193.89,5362,HTTP/HTTPS,United States
166.88.58.12,5737,HTTP/HTTPS,United States
82.26.238.115,6422,HTTP/HTTPS,United States
142.111.131.59,6137,HTTP/HTTPS,United States
166.88.235.44,5672,HTTP/HTTPS,United States
104.238.10.191,6137,HTTP/HTTPS,United States
142.111.124.161,6181,HTTP/HTTPS,United States
23.94.7.32,5719,HTTP/HTTPS,United States
192.210.132.163,6133,HTTP/HTTPS,United States
46.202.224.235,5787,HTTP/HTTPS,United States
136.0.220.254,5634,HTTP/HTTPS,United States
198.46.161.66,5116,HTTP/HTTPS,United States
192.210.191.126,6112,HTTP/HTTPS,United States
104.165.189.27,6682,HTTP/HTTPS,United States
192.154.250.238,5818,HTTP/HTTPS,United States
23.95.244.41,5994,HTTP/HTTPS,United States
206.206.119.239,6150,HTTP/HTTPS,United States
31.57.82.206,6787,HTTP/HTTPS,Canada
206.206.119.132,6043,HTTP/HTTPS,United States
191.101.188.125,6879,HTTP/HTTPS,United States
45.61.124.241,6570,HTTP/HTTPS,United States
92.113.1.225,5925,HTTP/HTTPS,United States
142.111.227.25,6220,HTTP/HTTPS,United States
166.88.34.12,5723,HTTP/HTTPS,United States
206.206.71.250,5890,HTTP/HTTPS,United States
67.227.42.77,6054,HTTP/HTTPS,United States
45.61.125.0,6011,HTTP/HTTPS,United States
31.59.33.230,6806,HTTP/HTTPS,United Kingdom
146.103.3.112,7165,HTTP/HTTPS,United Kingdom
166.88.235.15,5643,HTTP/HTTPS,United States
82.26.218.110,6418,HTTP/HTTPS,United States
173.211.69.248,6841,HTTP/HTTPS,United States
84.46.204.134,6437,HTTP/HTTPS,Lithuania
216.173.76.188,6815,HTTP/HTTPS,United States
86.38.154.136,5779,HTTP/HTTPS,Lithuania
67.227.42.141,6118,HTTP/HTTPS,United States
84.46.204.220,6523,HTTP/HTTPS,Lithuania
198.105.111.222,6900,HTTP/HTTPS,United Kingdom
84.46.204.109,6412,HTTP/HTTPS,Lithuania
86.38.26.22,6187,HTTP/HTTPS,Lithuania
191.101.41.240,6312,HTTP/HTTPS,United States
206.206.69.70,6334,HTTP/HTTPS,United States
45.43.64.54,6312,HTTP/HTTPS,United Kingdom
45.249.59.39,6015,HTTP/HTTPS,United States
31.57.42.88,6358,HTTP/HTTPS,Canada
104.143.226.88,5691,HTTP/HTTPS,United Kingdom
23.95.255.87,6671,HTTP/HTTPS,United States
107.181.148.227,6087,HTTP/HTTPS,United Kingdom
86.38.154.132,5775,HTTP/HTTPS,Lithuania
31.57.42.119,6389,HTTP/HTTPS,Canada
45.41.171.74,6110,HTTP/HTTPS,United States
23.27.196.180,6549,HTTP/HTTPS,United States
198.23.214.102,6369,HTTP/HTTPS,United States
154.6.115.133,6602,HTTP/HTTPS,United States
142.111.58.86,6664,HTTP/HTTPS,United States
86.38.236.93,6377,HTTP/HTTPS,Lithuania
31.57.82.205,6786,HTTP/HTTPS,Canada
142.111.192.197,5793,HTTP/HTTPS,United States
31.56.137.131,6207,HTTP/HTTPS,Canada
45.61.122.229,6521,HTTP/HTTPS,United States
86.38.26.244,6409,HTTP/HTTPS,Lithuania
45.43.64.253,6511,HTTP/HTTPS,United Kingdom
104.143.226.26,5629,HTTP/HTTPS,United Kingdom
45.41.160.196,6178,HTTP/HTTPS,United States
191.101.181.194,6947,HTTP/HTTPS,United States
38.154.233.242,5652,HTTP/HTTPS,United States
107.181.154.110,5788,HTTP/HTTPS,United Kingdom
145.223.46.8,5558,HTTP/HTTPS,United Kingdom
136.0.118.209,6581,HTTP/HTTPS,United States
172.120.120.170,5325,HTTP/HTTPS,United States
31.59.20.27,6605,HTTP/HTTPS,United Kingdom
162.220.246.152,6436,HTTP/HTTPS,United Kingdom
31.57.85.34,5720,HTTP/HTTPS,United States
31.57.42.158,6428,HTTP/HTTPS,Canada
136.0.109.2,6288,HTTP/HTTPS,United States
185.216.105.71,6648,HTTP/HTTPS,United States
184.174.27.210,6433,HTTP/HTTPS,United States
136.0.109.211,6497,HTTP/HTTPS,United States
45.43.64.162,6420,HTTP/HTTPS,United Kingdom
45.61.124.95,6424,HTTP/HTTPS,United States
181.214.13.88,5929,HTTP/HTTPS,United States
43.161.239.147,8888,HTTP/HTTPS,Hong Kong
159.65.166.126,8118,HTTP/HTTPS,United States
163.5.13.70,1080,HTTP/HTTPS,France
103.157.116.171,8080,HTTP/HTTPS,Indonesia
91.84.104.61,8118,HTTP/HTTPS,Netherlands
135.125.154.103,8899,HTTP/HTTPS,France
8.212.151.166,1024,HTTP/HTTPS,Philippines
103.151.20.131,80,HTTP/HTTPS,Indonesia
172.235.198.182,1080,HTTP/HTTPS,Japan
103.228.171.47,8118,HTTP/HTTPS,Germany
70.35.196.194,8087,HTTP/HTTPS,United States
78.188.230.81,3310,HTTP/HTTPS,Turkey
94.158.49.82,3128,HTTP/HTTPS,Uzbekistan
47.251.101.142,3128,HTTP/HTTPS,United States
8.243.71.182,999,HTTP/HTTPS,Colombia
48.214.144.194,8888,HTTP/HTTPS,United States
129.213.162.27,17777,HTTP/HTTPS,United States
92.119.164.84,1100,HTTP/HTTPS,Germany
47.83.168.191,4000,HTTP/HTTPS,Hong Kong
204.48.29.137,3129,HTTP/HTTPS,United States
65.109.87.121,18080,HTTP/HTTPS,Finland
45.168.244.16,8080,HTTP/HTTPS,Brazil
45.32.53.102,443,HTTP/HTTPS,Japan
217.154.155.115,8080,HTTP/HTTPS,Germany
200.227.89.50,3128,HTTP/HTTPS,Brazil
47.250.177.202,80,HTTP/HTTPS,Malaysia
192.18.129.58,8118,HTTP/HTTPS,United States
103.169.138.35,8081,HTTP/HTTPS,Indonesia
77.221.158.175,3128,HTTP/HTTPS,Finland
194.26.192.168,8080,HTTP/HTTPS,Netherlands
129.151.130.247,1111,HTTP/HTTPS,United Arab Emirates
62.133.62.231,1081,HTTP/HTTPS,France
167.99.236.14,80,HTTP/HTTPS,United States
103.30.211.34,80,HTTP/HTTPS,Australia
199.182.135.85,3128,HTTP/HTTPS,United States
185.125.203.248,3128,HTTP/HTTPS,Netherlands
34.87.80.221,30000,HTTP/HTTPS,Singapore
123.58.219.150,7890,HTTP/HTTPS,Hong Kong
135.125.154.108,8899,HTTP/HTTPS,France
175.139.233.79,80,HTTP/HTTPS,Malaysia
197.221.240.247,80,HTTP/HTTPS,Zimbabwe
92.63.226.78,2080,HTTP/HTTPS,United Kingdom
197.221.237.248,80,HTTP/HTTPS,Zimbabwe
185.204.168.189,443,HTTP/HTTPS,Germany
81.215.200.129,1953,HTTP/HTTPS,Turkey
195.158.8.123,3128,HTTP/HTTPS,Uzbekistan
93.113.63.11,3128,HTTP/HTTPS,Turkey
41.220.22.7,80,HTTP/HTTPS,Zimbabwe
219.249.37.107,8382,HTTP/HTTPS,South Korea
139.99.237.62,80,HTTP/HTTPS,Australia
203.162.13.222,6868,HTTP/HTTPS,Vietnam
103.129.127.244,8088,HTTP/HTTPS,Vietnam
12.50.107.222,80,HTTP/HTTPS,United States
41.184.92.219,80,HTTP/HTTPS,Nigeria
133.18.234.13,80,HTTP/HTTPS,Japan
32.223.6.94,80,HTTP/HTTPS,United States
85.100.127.81,1953,HTTP/HTTPS,Turkey
85.104.108.167,1953,HTTP/HTTPS,Turkey
78.187.90.223,5314,HTTP/HTTPS,Turkey
85.97.109.179,1953,HTTP/HTTPS,Turkey
95.173.179.213,1953,HTTP/HTTPS,Turkey
47.245.117.43,80,HTTP/HTTPS,Singapore
208.82.61.64,3128,HTTP/HTTPS,United States
12.50.107.217,80,HTTP/HTTPS,United States
77.110.113.236,8080,HTTP/HTTPS,Russian Federation
147.78.0.81,9443,HTTP/HTTPS,United Arab Emirates
159.195.69.220,8888,HTTP/HTTPS,Germany
207.180.254.198,8080,HTTP/HTTPS,France
197.221.240.176,80,HTTP/HTTPS,Zimbabwe
41.220.16.211,80,HTTP/HTTPS,Zimbabwe
219.65.73.81,80,HTTP/HTTPS,India
52.34.243.150,8080,HTTP/HTTPS,United States
219.93.101.63,80,HTTP/HTTPS,Malaysia
219.93.101.60,80,HTTP/HTTPS,Malaysia
177.190.118.239,999,HTTP/HTTPS,Brazil
103.156.96.240,8088,HTTP/HTTPS,Indonesia
103.48.68.30,83,HTTP/HTTPS,India
189.237.226.159,999,HTTP/HTTPS,Mexico
43.160.249.13,9223,HTTP/HTTPS,Singapore
103.164.107.26,8080,HTTP/HTTPS,Indonesia
96.3.50.180,8888,HTTP/HTTPS,United States
85.98.40.129,1953,HTTP/HTTPS,Turkey
62.133.62.184,1082,HTTP/HTTPS,France
94.198.218.123,3128,HTTP/HTTPS,Russian Federation
85.214.204.79,80,HTTP/HTTPS,Germany
212.34.146.118,3128,HTTP/HTTPS,Netherlands
154.65.39.7,80,HTTP/HTTPS,Senegal
91.107.182.124,82,HTTP/HTTPS,Germany
88.225.230.45,5314,HTTP/HTTPS,Turkey
202.133.88.173,80,HTTP/HTTPS,France
80.151.57.81,8080,HTTP/HTTPS,Germany
94.182.225.248,3128,HTTP/HTTPS,Iran
38.127.179.138,37234,HTTP/HTTPS,United States
178.128.95.176,8080,HTTP/HTTPS,Singapore
103.167.61.162,3128,HTTP/HTTPS,Hong Kong
46.47.197.210,3128,HTTP/HTTPS,Russian Federation
97.74.87.226,80,HTTP/HTTPS,Singapore
47.76.144.139,8888,HTTP/HTTPS,Hong Kong
80.74.54.148,3128,HTTP/HTTPS,Germany
64.188.77.221,3128,HTTP/HTTPS,Netherlands
81.16.113.168,8080,HTTP/HTTPS,Iran
139.59.59.122,8118,HTTP/HTTPS,India
103.178.86.10,8080,HTTP/HTTPS,Indonesia
149.28.87.103,8888,HTTP/HTTPS,United States
31.223.7.155,1953,HTTP/HTTPS,Turkey
157.66.26.151,3128,HTTP/HTTPS,Vietnam
87.107.184.182,8080,HTTP/HTTPS,Iran
185.181.209.34,8080,HTTP/HTTPS,Turkey
203.189.152.79,1080,HTTP/HTTPS,Cambodia
203.77.239.219,50574,HTTP/HTTPS,Indonesia
200.125.40.38,5678,HTTP/HTTPS,Uruguay
201.165.172.3,1080,HTTP/HTTPS,Mexico
103.254.57.227,48293,HTTP/HTTPS,India
51.250.108.153,1080,HTTP/HTTPS,Russian Federation
206.189.181.32,9050,HTTP/HTTPS,United States
43.160.219.223,1080,HTTP/HTTPS,Singapore
98.103.88.158,46104,HTTP/HTTPS,United States
27.147.149.36,1080,HTTP/HTTPS,Bangladesh
5.160.247.48,8443,HTTP/HTTPS,Iran
5.199.239.128,1080,HTTP/HTTPS,Ukraine
94.156.119.184,1080,HTTP/HTTPS,Netherlands
167.71.176.220,9053,HTTP/HTTPS,United States
124.41.213.174,5678,HTTP/HTTPS,Nepal
103.9.185.33,1080,HTTP/HTTPS,Bangladesh
185.196.61.251,1080,HTTP/HTTPS,Canada
94.181.33.149,40840,HTTP/HTTPS,Russian Federation
206.123.156.248,5894,HTTP/HTTPS,Iran
93.180.133.56,1081,HTTP/HTTPS,Turkey
109.237.97.176,36090,HTTP/HTTPS,Germany
176.114.199.202,1080,HTTP/HTTPS,Russian Federation
103.160.205.244,8080,HTTP/HTTPS,Indonesia
8.211.194.85,8081,HTTP/HTTPS,United Kingdom
118.70.211.121,60606,HTTP/HTTPS,Vietnam
202.79.47.159,10800,HTTP/HTTPS,Nepal
165.22.37.27,9069,HTTP/HTTPS,United States
203.189.150.126,1080,HTTP/HTTPS,Cambodia
109.199.107.68,1080,HTTP/HTTPS,France
150.129.170.77,5678,HTTP/HTTPS,India
103.102.13.107,8080,HTTP/HTTPS,Indonesia
15.235.50.91,1080,HTTP/HTTPS,Canada
43.134.53.69,1080,HTTP/HTTPS,Singapore
47.238.60.156,8081,HTTP/HTTPS,Hong Kong
45.192.110.180,1080,HTTP/HTTPS,Seychelles
57.129.123.224,30629,HTTP/HTTPS,Germany
134.65.245.71,9050,HTTP/HTTPS,Brazil
51.159.226.80,1080,HTTP/HTTPS,Netherlands
45.89.63.172,1080,HTTP/HTTPS,United Kingdom
47.251.87.74,1036,HTTP/HTTPS,United States
182.255.80.59,1080,HTTP/HTTPS,United States
123.136.24.161,1080,HTTP/HTTPS,Bangladesh
139.59.122.219,9050,HTTP/HTTPS,Singapore
104.249.40.117,1080,HTTP/HTTPS,Netherlands
122.248.38.4,4153,HTTP/HTTPS,Indonesia
143.20.79.254,9050,HTTP/HTTPS,Netherlands
188.191.165.113,1080,HTTP/HTTPS,Russian Federation
103.82.193.105,9191,HTTP/HTTPS,Vietnam
209.38.214.48,1080,HTTP/HTTPS,Germany
91.210.171.169,9050,HTTP/HTTPS,Russian Federation
93.184.7.217,1080,HTTP/HTTPS,Palestinian Territory
93.180.133.55,1081,HTTP/HTTPS,Turkey
92.247.31.130,1080,HTTP/HTTPS,Bulgaria
164.92.164.52,9050,HTTP/HTTPS,Germany
166.62.53.45,45842,HTTP/HTTPS,United States
190.242.59.158,4145,HTTP/HTTPS,Colombia
23.94.136.184,1080,HTTP/HTTPS,United States
69.36.63.128,1080,HTTP/HTTPS,United States
185.49.110.155,1080,HTTP/HTTPS,Russian Federation
206.123.156.246,4663,HTTP/HTTPS,Iran
110.77.135.70,4145,HTTP/HTTPS,Thailand
143.89.247.135,7892,HTTP/HTTPS,Hong Kong
103.102.142.98,4145,HTTP/HTTPS,Indonesia
193.106.57.96,5678,HTTP/HTTPS,Ukraine
84.21.173.170,1080,HTTP/HTTPS,Germany
47.250.51.110,8080,HTTP/HTTPS,Malaysia
202.62.55.154,1080,HTTP/HTTPS,Cambodia
185.190.90.2,4145,HTTP/HTTPS,Albania
202.62.62.113,1080,HTTP/HTTPS,Cambodia
170.106.136.181,31002,HTTP/HTTPS,United States
38.242.156.163,9050,HTTP/HTTPS,France
5.101.85.133,9050,HTTP/HTTPS,Switzerland
202.162.219.10,1080,HTTP/HTTPS,Indonesia
8.220.204.215,8080,HTTP/HTTPS,South Korea
49.0.156.20,32000,HTTP/HTTPS,Mongolia
46.171.28.162,59311,HTTP/HTTPS,Poland
101.2.166.73,1080,HTTP/HTTPS,Bangladesh
92.42.8.5,4145,HTTP/HTTPS,Russian Federation
173.255.248.203,9050,HTTP/HTTPS,United States
72.56.77.150,10999,HTTP/HTTPS,Netherlands
132.148.82.125,45605,HTTP/HTTPS,United States
103.166.158.239,1081,HTTP/HTTPS,Indonesia
91.150.77.58,56921,HTTP/HTTPS,Serbia
47.90.149.238,11,HTTP/HTTPS,United States
190.228.33.42,1085,HTTP/HTTPS,Argentina
190.120.248.65,4145,HTTP/HTTPS,Venezuela
45.249.79.190,3629,HTTP/HTTPS,India
77.105.142.165,1080,HTTP/HTTPS,Netherlands
195.46.172.190,4153,HTTP/HTTPS,Russian Federation
156.238.238.147,1080,HTTP/HTTPS,Seychelles
162.255.108.5,5678,HTTP/HTTPS,United States
50.250.205.21,32100,HTTP/HTTPS,United States
103.197.241.90,1080,HTTP/HTTPS,Cambodia
38.191.204.37,43496,HTTP/HTTPS,Colombia
162.255.110.52,5678,HTTP/HTTPS,United States
8.222.189.165,1111,HTTP/HTTPS,Singapore
88.99.82.67,443,HTTP/HTTPS,Germany
154.83.13.245,7890,HTTP/HTTPS,Seychelles
91.196.35.45,1080,HTTP/HTTPS,Russian Federation
103.118.127.222,4153,HTTP/HTTPS,Indonesia
109.72.109.214,48293,HTTP/HTTPS,Montenegro
43.228.95.138,5678,HTTP/HTTPS,India
213.159.68.227,1080,HTTP/HTTPS,"Moldova, Republic of"
177.136.124.46,56113,HTTP/HTTPS,Brazil
202.40.190.74,1080,HTTP/HTTPS,Bangladesh
195.133.250.173,3128,HTTP/HTTPS,Russian Federation
119.93.123.229,4145,HTTP/HTTPS,Philippines
195.2.70.127,9050,HTTP/HTTPS,Russian Federation
206.123.156.239,20314,HTTP/HTTPS,Iran
34.124.190.108,8080,HTTP/HTTPS,Singapore
103.172.121.52,47821,HTTP/HTTPS,Indonesia
206.123.156.243,23902,HTTP/HTTPS,Iran
107.149.141.54,5001,HTTP/HTTPS,United States
181.115.207.115,1080,HTTP/HTTPS,Bolivia
217.77.223.2,9050,HTTP/HTTPS,Ukraine
185.209.223.153,1080,HTTP/HTTPS,France
8.220.204.92,1081,HTTP/HTTPS,South Korea
103.151.74.5,2025,HTTP/HTTPS,Bangladesh
132.148.244.30,45157,HTTP/HTTPS,United States
115.74.153.87,1080,HTTP/HTTPS,Vietnam
36.92.186.59,1080,HTTP/HTTPS,Indonesia
206.42.51.78,4153,HTTP/HTTPS,Brazil
80.78.73.142,65530,HTTP/HTTPS,Albania
8.213.128.6,9992,HTTP/HTTPS,South Korea
202.160.76.238,1080,HTTP/HTTPS,Taiwan
206.123.156.230,4296,HTTP/HTTPS,Iran
92.101.193.58,1080,HTTP/HTTPS,Russian Federation
45.70.56.252,3629,HTTP/HTTPS,Ecuador
118.91.175.146,5678,HTTP/HTTPS,Nepal
201.174.17.126,7755,HTTP/HTTPS,Mexico
130.61.203.78,443,HTTP/HTTPS,Germany
123.253.124.28,5678,HTTP/HTTPS,India
77.246.98.48,1080,HTTP/HTTPS,Netherlands
185.87.255.117,1080,HTTP/HTTPS,United Kingdom
178.250.156.112,443,HTTP/HTTPS,Russian Federation
139.28.241.60,1080,HTTP/HTTPS,Turkey
109.106.196.250,4145,HTTP/HTTPS,Russian Federation
198.12.89.176,18080,HTTP/HTTPS,United States
103.156.86.197,8199,HTTP/HTTPS,Indonesia
206.123.156.215,5415,HTTP/HTTPS,Iran
1.32.57.85,5678,HTTP/HTTPS,Malaysia
99.109.245.190,5001,HTTP/HTTPS,United States
194.135.38.119,2333,HTTP/HTTPS,Czech Republic
1.4.195.114,4145,HTTP/HTTPS,Thailand
103.74.227.130,56417,HTTP/HTTPS,India
104.238.100.115,45314,HTTP/HTTPS,United States
103.42.228.19,1080,HTTP/HTTPS,Bangladesh
196.40.117.114,5678,HTTP/HTTPS,Mozambique
103.187.38.38,1080,HTTP/HTTPS,Bangladesh
8.209.96.245,89,HTTP/HTTPS,Germany
103.111.22.26,58563,HTTP/HTTPS,India
190.104.143.94,4153,HTTP/HTTPS,Paraguay
131.108.112.222,4153,HTTP/HTTPS,Brazil
195.211.124.250,1080,HTTP/HTTPS,Netherlands
62.60.230.196,1080,HTTP/HTTPS,Sweden
79.101.45.94,56921,HTTP/HTTPS,Serbia
47.238.210.231,1011,HTTP/HTTPS,Hong Kong
129.151.130.247,1111,HTTP/HTTPS,United Arab Emirates
45.95.38.57,9050,HTTP/HTTPS,Canada
203.189.135.73,1080,HTTP/HTTPS,Cambodia
103.248.47.230,1080,HTTP/HTTPS,Australia
186.224.225.82,42648,HTTP/HTTPS,Brazil
79.106.170.126,4145,HTTP/HTTPS,Albania
185.88.101.232,1080,HTTP/HTTPS,Finland
103.157.78.22,8199,HTTP/HTTPS,Indonesia
186.1.182.194,4153,HTTP/HTTPS,Colombia
93.115.18.235,8008,HTTP/HTTPS,Netherlands
177.234.247.221,1080,HTTP/HTTPS,Ecuador
167.250.137.129,1080,HTTP/HTTPS,Brazil
47.176.213.210,39593,HTTP/HTTPS,United States
47.251.241.246,1080,HTTP/HTTPS,United States
103.179.172.167,18888,HTTP/HTTPS,Vietnam
200.108.50.254,4145,HTTP/HTTPS,Panama
8.219.87.219,10801,HTTP/HTTPS,Singapore
194.26.192.168,8080,HTTP/HTTPS,Netherlands
36.50.177.175,1080,HTTP/HTTPS,Vietnam
94.233.120.194,1080,HTTP/HTTPS,Russian Federation
103.87.81.86,5678,HTTP/HTTPS,Indonesia
31.131.135.247,4153,HTTP/HTTPS,Ukraine
154.9.30.1,50000,HTTP/HTTPS,United States
103.131.104.125,10800,HTTP/HTTPS,Indonesia
193.24.222.150,33500,HTTP/HTTPS,Ukraine
190.109.75.253,33633,HTTP/HTTPS,Brazil
103.48.183.113,4145,HTTP/HTTPS,India
31.146.73.192,4153,HTTP/HTTPS,Georgia
187.63.9.62,63253,HTTP/HTTPS,Brazil
154.194.251.24,1080,HTTP/HTTPS,Hong Kong
103.189.218.158,1080,HTTP/HTTPS,Bangladesh
178.16.140.119,1080,HTTP/HTTPS,United States
199.189.255.230,1080,HTTP/HTTPS,Kazakhstan
116.107.183.128,1080,HTTP/HTTPS,Vietnam
65.21.137.237,9050,HTTP/HTTPS,Finland
157.10.97.83,2021,HTTP/HTTPS,Indonesia
184.95.220.42,1080,HTTP/HTTPS,Canada
93.184.4.37,1080,HTTP/HTTPS,Palestinian Territory
81.177.141.73,1080,HTTP/HTTPS,Russian Federation
8.213.215.187,9080,HTTP/HTTPS,Thailand
202.84.76.190,5678,HTTP/HTTPS,Cambodia
109.196.136.137,1080,HTTP/HTTPS,Russian Federation
47.74.46.81,80,HTTP/HTTPS,Japan
89.108.71.168,1080,HTTP/HTTPS,Russian Federation
193.32.54.178,1080,HTTP/HTTPS,Russian Federation
47.91.115.179,45,HTTP/HTTPS,United Arab Emirates
182.53.216.73,4145,HTTP/HTTPS,Thailand
64.188.31.14,10808,HTTP/HTTPS,United States
185.195.129.116,4153,HTTP/HTTPS,Italy
124.248.191.83,1080,HTTP/HTTPS,Cambodia
92.42.8.20,4145,HTTP/HTTPS,Russian Federation
103.163.244.106,1080,HTTP/HTTPS,India
47.250.159.65,1080,HTTP/HTTPS,Malaysia
46.245.123.30,1080,HTTP/HTTPS,Iran
1.245.175.180,1080,HTTP/HTTPS,South Korea
31.7.65.18,443,HTTP/HTTPS,Iran
70.35.196.194,1081,HTTP/HTTPS,United States
158.101.15.1,443,HTTP/HTTPS,United States
193.29.224.20,1080,HTTP/HTTPS,Finland
206.123.156.245,10634,HTTP/HTTPS,Iran
47.91.120.190,1025,HTTP/HTTPS,United Arab Emirates
91.107.122.209,1080,HTTP/HTTPS,United Kingdom
64.49.67.164,5678,HTTP/HTTPS,United States
223.25.110.37,8199,HTTP/HTTPS,Indonesia
181.236.221.138,4145,HTTP/HTTPS,Colombia
203.189.135.105,1080,HTTP/HTTPS,Cambodia
109.172.30.216,1080,HTTP/HTTPS,Russian Federation
183.90.187.248,9050,HTTP/HTTPS,Malaysia
185.32.4.102,4153,HTTP/HTTPS,Poland
206.123.156.233,4223,HTTP/HTTPS,Iran
8.215.12.103,8002,HTTP/HTTPS,Indonesia
170.244.64.198,31476,HTTP/HTTPS,Brazil
138.186.133.161,4153,HTTP/HTTPS,Brazil
213.7.196.26,4153,HTTP/HTTPS,Cyprus
109.72.100.113,48293,HTTP/HTTPS,Montenegro
94.159.106.252,1080,HTTP/HTTPS,Germany
139.162.68.241,1080,HTTP/HTTPS,Japan
104.168.102.177,1080,HTTP/HTTPS,United States
45.43.63.37,10808,HTTP/HTTPS,Singapore
115.85.74.114,5678,HTTP/HTTPS,Indonesia
159.148.146.65,5678,HTTP/HTTPS,Latvia
84.200.128.182,1080,HTTP/HTTPS,Germany
103.187.39.17,1080,HTTP/HTTPS,Bangladesh
146.103.110.73,1080,HTTP/HTTPS,Netherlands
103.82.23.118,6228,HTTP/HTTPS,Vietnam
197.100.98.169,1080,HTTP/HTTPS,South Africa
130.49.218.108,1080,HTTP/HTTPS,Russian Federation
89.150.35.253,1080,HTTP/HTTPS,Netherlands
5.101.120.25,1080,HTTP/HTTPS,Estonia
202.58.77.40,5678,HTTP/HTTPS,Indonesia
43.135.153.37,9050,HTTP/HTTPS,United States
104.156.151.10,1080,HTTP/HTTPS,France
82.22.174.113,1080,HTTP/HTTPS,Germany
206.123.156.199,11096,HTTP/HTTPS,Iran
43.252.236.114,1080,HTTP/HTTPS,Indonesia
160.22.200.70,69,HTTP/HTTPS,Indonesia
38.242.158.117,9050,HTTP/HTTPS,France
58.229.240.204,9050,HTTP/HTTPS,South Korea
47.237.107.41,8080,HTTP/HTTPS,Singapore
202.49.176.203,10808,HTTP/HTTPS,Russian Federation
203.170.146.146,4153,HTTP/HTTPS,Thailand
72.56.104.252,9058,HTTP/HTTPS,Germany
223.25.109.74,8199,HTTP/HTTPS,Indonesia
123.231.230.58,31196,HTTP/HTTPS,Indonesia
103.118.85.144,1080,HTTP/HTTPS,Bangladesh
200.71.123.77,60606,HTTP/HTTPS,Brazil
202.62.55.95,1080,HTTP/HTTPS,Cambodia
47.238.203.170,50000,HTTP/HTTPS,Hong Kong
85.116.120.106,3629,HTTP/HTTPS,Russian Federation
139.255.86.226,5678,HTTP/HTTPS,Indonesia
116.197.129.170,4145,HTTP/HTTPS,Indonesia
95.188.83.253,1080,HTTP/HTTPS,Russian Federation
47.82.66.101,1011,HTTP/HTTPS,Hong Kong
23.133.196.9,9000,HTTP/HTTPS,United States
187.157.30.202,4153,HTTP/HTTPS,Mexico
213.188.215.27,1080,HTTP/HTTPS,United States
187.19.127.180,4153,HTTP/HTTPS,Brazil
202.79.26.242,1080,HTTP/HTTPS,Cambodia
45.142.195.110,995,HTTP/HTTPS,Romania
103.179.189.64,9191,HTTP/HTTPS,Vietnam
103.180.123.111,1080,HTTP/HTTPS,Indonesia
206.123.156.229,7678,HTTP/HTTPS,Iran
200.43.231.17,4145,HTTP/HTTPS,Argentina
178.115.255.177,5678,HTTP/HTTPS,Austria
190.145.54.142,1080,HTTP/HTTPS,Colombia
117.102.101.52,5678,HTTP/HTTPS,Indonesia
170.81.140.79,61437,HTTP/HTTPS,Mexico
189.50.138.10,5678,HTTP/HTTPS,Brazil
62.133.62.231,1081,HTTP/HTTPS,France
144.31.226.71,1081,HTTP/HTTPS,Finland
37.128.107.102,4145,HTTP/HTTPS,Poland
45.168.244.16,1080,HTTP/HTTPS,Brazil
45.40.136.39,45741,HTTP/HTTPS,United States
198.98.57.207,1080,HTTP/HTTPS,United States
202.166.196.105,48293,HTTP/HTTPS,Nepal
177.85.65.177,4153,HTTP/HTTPS,Brazil
176.236.37.132,1080,HTTP/HTTPS,Turkey
193.105.62.11,58973,HTTP/HTTPS,Ukraine
36.67.88.77,4153,HTTP/HTTPS,Indonesia
101.96.117.164,1080,HTTP/HTTPS,Vietnam
45.115.115.37,9090,HTTP/HTTPS,Bangladesh
36.37.244.41,5678,HTTP/HTTPS,Cambodia
202.62.50.52,1080,HTTP/HTTPS,Cambodia
12.50.107.219,80,HTTP/HTTPS,United States
138.197.68.35,4857,HTTP/HTTPS,United States
12.50.107.220,80,HTTP/HTTPS,United States
107.172.20.143,1080,HTTP/HTTPS,United States
150.241.116.167,443,HTTP/HTTPS,United States
174.137.134.182,2999,HTTP/HTTPS,United States
34.44.49.215,80,HTTP/HTTPS,United States
47.252.18.37,8083,HTTP/HTTPS,United States
104.225.220.233,80,HTTP/HTTPS,United States
174.138.119.88,80,HTTP/HTTPS,United States
167.99.124.118,80,HTTP/HTTPS,United States
92.118.112.25,1082,HTTP/HTTPS,United States
38.127.179.161,37234,HTTP/HTTPS,United States
92.118.112.32,1082,HTTP/HTTPS,United States
204.152.198.34,8080,HTTP/HTTPS,United States
104.154.186.48,80,HTTP/HTTPS,United States
49.51.228.35,81,HTTP/HTTPS,United States
198.46.137.27,6231,HTTP/HTTPS,United States
173.239.237.58,5704,HTTP/HTTPS,United States
174.140.200.127,6407,HTTP/HTTPS,United States
216.74.115.145,6739,HTTP/HTTPS,United States
104.168.118.203,6159,HTTP/HTTPS,United States
184.174.43.252,6792,HTTP/HTTPS,United States
142.111.131.176,6254,HTTP/HTTPS,United States
23.27.203.177,6912,HTTP/HTTPS,United States
166.88.58.142,5867,HTTP/HTTPS,United States
38.154.193.89,5362,HTTP/HTTPS,United States
166.88.58.12,5737,HTTP/HTTPS,United States
82.26.238.115,6422,HTTP/HTTPS,United States
142.111.131.59,6137,HTTP/HTTPS,United States
166.88.235.44,5672,HTTP/HTTPS,United States
104.238.10.191,6137,HTTP/HTTPS,United States
142.111.124.161,6181,HTTP/HTTPS,United States
23.94.7.32,5719,HTTP/HTTPS,United States
192.210.132.163,6133,HTTP/HTTPS,United States
46.202.224.235,5787,HTTP/HTTPS,United States
136.0.220.254,5634,HTTP/HTTPS,United States
198.46.161.66,5116,HTTP/HTTPS,United States
192.210.191.126,6112,HTTP/HTTPS,United States
104.165.189.27,6682,HTTP/HTTPS,United States
192.154.250.238,5818,HTTP/HTTPS,United States
23.95.244.41,5994,HTTP/HTTPS,United States
206.206.119.239,6150,HTTP/HTTPS,United States
206.206.119.132,6043,HTTP/HTTPS,United States
191.101.188.125,6879,HTTP/HTTPS,United States
45.61.124.241,6570,HTTP/HTTPS,United States
92.113.1.225,5925,HTTP/HTTPS,United States
142.111.227.25,6220,HTTP/HTTPS,United States
166.88.34.12,5723,HTTP/HTTPS,United States
206.206.71.250,5890,HTTP/HTTPS,United States
67.227.42.77,6054,HTTP/HTTPS,United States
45.61.125.0,6011,HTTP/HTTPS,United States
166.88.235.15,5643,HTTP/HTTPS,United States
82.26.218.110,6418,HTTP/HTTPS,United States
173.211.69.248,6841,HTTP/HTTPS,United States
216.173.76.188,6815,HTTP/HTTPS,United States
67.227.42.141,6118,HTTP/HTTPS,United States
191.101.41.240,6312,HTTP/HTTPS,United States
206.206.69.70,6334,HTTP/HTTPS,United States
45.249.59.39,6015,HTTP/HTTPS,United States
23.95.255.87,6671,HTTP/HTTPS,United States
45.41.171.74,6110,HTTP/HTTPS,United States
23.27.196.180,6549,HTTP/HTTPS,United States
198.23.214.102,6369,HTTP/HTTPS,United States
154.6.115.133,6602,HTTP/HTTPS,United States
142.111.58.86,6664,HTTP/HTTPS,United States
142.111.192.197,5793,HTTP/HTTPS,United States
45.61.122.229,6521,HTTP/HTTPS,United States
45.41.160.196,6178,HTTP/HTTPS,United States
191.101.181.194,6947,HTTP/HTTPS,United States
38.154.233.242,5652,HTTP/HTTPS,United States
136.0.118.209,6581,HTTP/HTTPS,United States
172.120.120.170,5325,HTTP/HTTPS,United States
31.57.85.34,5720,HTTP/HTTPS,United States
136.0.109.2,6288,HTTP/HTTPS,United States
185.216.105.71,6648,HTTP/HTTPS,United States
184.174.27.210,6433,HTTP/HTTPS,United States
136.0.109.211,6497,HTTP/HTTPS,United States
45.61.124.95,6424,HTTP/HTTPS,United States
181.214.13.88,5929,HTTP/HTTPS,United States
159.65.166.126,8118,HTTP/HTTPS,United States
70.35.196.194,8087,HTTP/HTTPS,United States
47.251.101.142,3128,HTTP/HTTPS,United States
48.214.144.194,8888,HTTP/HTTPS,United States
129.213.162.27,17777,HTTP/HTTPS,United States
204.48.29.137,3129,HTTP/HTTPS,United States
192.18.129.58,8118,HTTP/HTTPS,United States
167.99.236.14,80,HTTP/HTTPS,United States
199.182.135.85,3128,HTTP/HTTPS,United States
12.50.107.222,80,HTTP/HTTPS,United States
32.223.6.94,80,HTTP/HTTPS,United States
208.82.61.64,3128,HTTP/HTTPS,United States
12.50.107.217,80,HTTP/HTTPS,United States
52.34.243.150,8080,HTTP/HTTPS,United States
96.3.50.180,8888,HTTP/HTTPS,United States
38.127.179.138,37234,HTTP/HTTPS,United States
149.28.87.103,8888,HTTP/HTTPS,United States
75.84.71.14,80,HTTP/HTTPS,United States
207.246.68.214,3129,HTTP/HTTPS,United States
47.251.73.54,8118,HTTP/HTTPS,United States
209.141.62.12,5555,HTTP/HTTPS,United States
138.91.159.185,80,HTTP/HTTPS,United States
159.65.245.255,80,HTTP/HTTPS,United States
144.202.14.153,50000,HTTP/HTTPS,United States
72.56.238.99,9090,HTTP/HTTPS,United States
71.198.208.169,443,HTTP/HTTPS,United States
12.50.107.221,80,HTTP/HTTPS,United States
34.43.46.91,80,HTTP/HTTPS,United States
77.111.110.248,3128,HTTP/HTTPS,United States
162.240.19.30,80,HTTP/HTTPS,United States
38.127.172.34,37234,HTTP/HTTPS,United States
198.46.161.198,5248,HTTP/HTTPS,United States
104.168.118.197,6153,HTTP/HTTPS,United States
206.206.119.75,5986,HTTP/HTTPS,United States
166.88.217.222,6555,HTTP/HTTPS,United States
198.37.106.30,6489,HTTP/HTTPS,United States
206.206.69.148,6412,HTTP/HTTPS,United States
199.180.9.149,6169,HTTP/HTTPS,United States
82.24.212.88,5394,HTTP/HTTPS,United States
23.27.203.115,6850,HTTP/HTTPS,United States
45.39.17.242,5665,HTTP/HTTPS,United States
142.111.255.197,5486,HTTP/HTTPS,United States
172.120.120.18,5173,HTTP/HTTPS,United States
206.232.103.41,6198,HTTP/HTTPS,United States
154.29.233.140,5901,HTTP/HTTPS,United States
166.88.217.197,6530,HTTP/HTTPS,United States
206.206.64.36,5997,HTTP/HTTPS,United States
173.245.88.20,5323,HTTP/HTTPS,United States
104.239.104.128,6352,HTTP/HTTPS,United States
23.236.255.84,6860,HTTP/HTTPS,United States
136.0.105.249,6259,HTTP/HTTPS,United States
216.173.76.155,6782,HTTP/HTTPS,United States
23.229.125.62,5331,HTTP/HTTPS,United States
104.168.118.226,6182,HTTP/HTTPS,United States
198.46.161.16,5066,HTTP/HTTPS,United States
45.56.175.80,5754,HTTP/HTTPS,United States
82.26.208.126,5433,HTTP/HTTPS,United States
142.111.161.158,6529,HTTP/HTTPS,United States
107.150.102.2,20029,HTTP/HTTPS,United States
172.120.119.245,5905,HTTP/HTTPS,United States
23.236.182.11,5787,HTTP/HTTPS,United States
173.0.9.181,5764,HTTP/HTTPS,United States
192.210.191.219,6205,HTTP/HTTPS,United States
82.24.238.50,6857,HTTP/HTTPS,United States
45.41.176.20,6318,HTTP/HTTPS,United States
107.175.135.57,6498,HTTP/HTTPS,United States
107.175.119.14,6542,HTTP/HTTPS,United States
198.46.137.206,6410,HTTP/HTTPS,United States
45.59.161.225,6017,HTTP/HTTPS,United States
103.251.223.43,6022,HTTP/HTTPS,United States
45.56.173.167,6150,HTTP/HTTPS,United States
184.174.46.4,5633,HTTP/HTTPS,United States
104.239.104.178,6402,HTTP/HTTPS,United States
142.147.131.92,5992,HTTP/HTTPS,United States
107.174.4.48,6017,HTTP/HTTPS,United States
142.111.124.211,6231,HTTP/HTTPS,United States
31.59.13.220,6490,HTTP/HTTPS,United States
104.165.189.157,6812,HTTP/HTTPS,United States
154.29.235.117,6458,HTTP/HTTPS,United States
107.174.25.184,5638,HTTP/HTTPS,United States
192.177.87.19,5865,HTTP/HTTPS,United States
23.236.255.152,6928,HTTP/HTTPS,United States
64.64.127.95,6048,HTTP/HTTPS,United States
45.61.100.183,6451,HTTP/HTTPS,United States
107.172.163.228,6744,HTTP/HTTPS,United States
184.174.43.80,6620,HTTP/HTTPS,United States
142.147.244.186,6430,HTTP/HTTPS,United States
23.27.236.107,6843,HTTP/HTTPS,United States
166.88.64.248,6631,HTTP/HTTPS,United States
154.6.59.137,6605,HTTP/HTTPS,United States
23.27.93.71,5650,HTTP/HTTPS,United States
198.46.241.134,6669,HTTP/HTTPS,United States
192.241.104.224,8318,HTTP/HTTPS,United States
142.147.240.227,6749,HTTP/HTTPS,United States
23.27.236.180,6916,HTTP/HTTPS,United States
154.6.128.208,6178,HTTP/HTTPS,United States
209.127.143.203,8302,HTTP/HTTPS,United States
166.88.169.6,6613,HTTP/HTTPS,United States
104.165.189.175,6830,HTTP/HTTPS,United States
154.6.129.252,5722,HTTP/HTTPS,United States
184.174.43.182,6722,HTTP/HTTPS,United States
179.61.166.211,6634,HTTP/HTTPS,United States
198.46.246.138,6762,HTTP/HTTPS,United States
45.127.250.123,5732,HTTP/HTTPS,United States
198.46.137.182,6386,HTTP/HTTPS,United States
208.110.81.34,17039,HTTP/HTTPS,United States
142.111.131.217,6295,HTTP/HTTPS,United States
199.180.11.14,6751,HTTP/HTTPS,United States
23.27.91.89,6168,HTTP/HTTPS,United States
107.174.128.82,6524,HTTP/HTTPS,United States
82.22.211.193,6001,HTTP/HTTPS,United States
142.147.240.233,6755,HTTP/HTTPS,United States
82.24.238.177,6984,HTTP/HTTPS,United States
64.64.115.112,5747,HTTP/HTTPS,United States
198.89.123.175,6717,HTTP/HTTPS,United States
104.168.8.15,5468,HTTP/HTTPS,United States
142.147.129.165,5774,HTTP/HTTPS,United States
104.238.37.13,6570,HTTP/HTTPS,United States
67.227.37.99,5641,HTTP/HTTPS,United States
206.206.118.156,6394,HTTP/HTTPS,United States
45.43.64.162,6420,HTTP/HTTPS,United Kingdom
162.220.246.152,6436,HTTP/HTTPS,United Kingdom
31.59.20.27,6605,HTTP/HTTPS,United Kingdom
145.223.46.8,5558,HTTP/HTTPS,United Kingdom
107.181.154.110,5788,HTTP/HTTPS,United Kingdom
104.143.226.26,5629,HTTP/HTTPS,United Kingdom
45.43.64.253,6511,HTTP/HTTPS,United Kingdom
107.181.148.227,6087,HTTP/HTTPS,United Kingdom
104.143.226.88,5691,HTTP/HTTPS,United Kingdom
45.43.64.54,6312,HTTP/HTTPS,United Kingdom
198.105.111.222,6900,HTTP/HTTPS,United Kingdom
146.103.3.112,7165,HTTP/HTTPS,United Kingdom
31.59.33.230,6806,HTTP/HTTPS,United Kingdom
92.63.226.78,2080,HTTP/HTTPS,United Kingdom
138.124.125.198,3128,HTTP/HTTPS,United Kingdom
81.168.119.85,443,HTTP/HTTPS,United Kingdom
104.194.146.9,80,HTTP/HTTPS,United Kingdom
8.211.194.85,9080,HTTP/HTTPS,United Kingdom
146.103.56.122,5670,HTTP/HTTPS,United Kingdom
162.220.247.86,6681,HTTP/HTTPS,United Kingdom
45.43.70.252,6539,HTTP/HTTPS,United Kingdom
198.105.122.177,6750,HTTP/HTTPS,United Kingdom
45.43.70.201,6488,HTTP/HTTPS,United Kingdom
31.59.33.126,6702,HTTP/HTTPS,United Kingdom
198.105.111.31,6709,HTTP/HTTPS,United Kingdom
31.59.33.64,6640,HTTP/HTTPS,United Kingdom
185.226.204.170,5723,HTTP/HTTPS,United Kingdom
198.105.100.42,6293,HTTP/HTTPS,United Kingdom
145.223.46.112,5662,HTTP/HTTPS,United Kingdom
146.103.3.212,7265,HTTP/HTTPS,United Kingdom
145.223.46.7,5557,HTTP/HTTPS,United Kingdom
185.226.204.22,5575,HTTP/HTTPS,United Kingdom
152.67.154.35,3128,HTTP/HTTPS,United Kingdom
8.211.194.78,1081,HTTP/HTTPS,United Kingdom
146.103.3.16,7069,HTTP/HTTPS,United Kingdom
8.211.200.183,80,HTTP/HTTPS,United Kingdom
162.220.247.96,6691,HTTP/HTTPS,United Kingdom
31.59.20.236,6814,HTTP/HTTPS,United Kingdom
104.143.224.237,6098,HTTP/HTTPS,United Kingdom
146.103.3.185,7238,HTTP/HTTPS,United Kingdom
198.105.111.166,6844,HTTP/HTTPS,United Kingdom
145.223.46.122,5672,HTTP/HTTPS,United Kingdom
146.103.56.52,5600,HTTP/HTTPS,United Kingdom
31.59.20.228,6806,HTTP/HTTPS,United Kingdom
185.226.207.254,5803,HTTP/HTTPS,United Kingdom
31.59.20.4,6582,HTTP/HTTPS,United Kingdom
146.103.56.77,5625,HTTP/HTTPS,United Kingdom
45.43.64.107,6365,HTTP/HTTPS,United Kingdom
45.43.70.19,6306,HTTP/HTTPS,United Kingdom
45.43.81.252,5899,HTTP/HTTPS,United Kingdom
145.223.46.9,5559,HTTP/HTTPS,United Kingdom
162.220.247.99,6694,HTTP/HTTPS,United Kingdom
107.181.154.97,5775,HTTP/HTTPS,United Kingdom
198.105.122.97,6670,HTTP/HTTPS,United Kingdom
107.181.148.138,5998,HTTP/HTTPS,United Kingdom
107.181.154.121,5799,HTTP/HTTPS,United Kingdom
185.226.204.80,5633,HTTP/HTTPS,United Kingdom
162.220.247.22,6617,HTTP/HTTPS,United Kingdom
198.105.111.115,6793,HTTP/HTTPS,United Kingdom
104.143.224.92,5953,HTTP/HTTPS,United Kingdom
104.143.224.9,5870,HTTP/HTTPS,United Kingdom
185.226.204.61,5614,HTTP/HTTPS,United Kingdom
146.103.56.158,5706,HTTP/HTTPS,United Kingdom
107.181.148.158,6018,HTTP/HTTPS,United Kingdom
45.43.81.207,5854,HTTP/HTTPS,United Kingdom
155.254.38.125,5801,HTTP/HTTPS,United Kingdom
217.69.121.163,5828,HTTP/HTTPS,United Kingdom
107.181.154.136,5814,HTTP/HTTPS,United Kingdom
155.254.38.24,5700,HTTP/HTTPS,United Kingdom
146.103.56.70,5618,HTTP/HTTPS,United Kingdom
45.43.70.98,6385,HTTP/HTTPS,United Kingdom
185.226.207.62,5611,HTTP/HTTPS,United Kingdom
107.181.154.11,5689,HTTP/HTTPS,United Kingdom
107.181.154.201,5879,HTTP/HTTPS,United Kingdom
45.43.81.53,5700,HTTP/HTTPS,United Kingdom
107.181.148.4,5864,HTTP/HTTPS,United Kingdom
185.226.204.15,5568,HTTP/HTTPS,United Kingdom
145.223.46.253,5803,HTTP/HTTPS,United Kingdom
146.103.56.180,5728,HTTP/HTTPS,United Kingdom
162.220.246.111,6395,HTTP/HTTPS,United Kingdom
45.135.139.185,6488,HTTP/HTTPS,United Kingdom
162.220.247.89,6684,HTTP/HTTPS,United Kingdom
185.226.204.9,5562,HTTP/HTTPS,United Kingdom
45.43.81.39,5686,HTTP/HTTPS,United Kingdom
45.43.70.196,6483,HTTP/HTTPS,United Kingdom
162.220.247.165,6760,HTTP/HTTPS,United Kingdom
31.58.18.66,6335,HTTP/HTTPS,United Kingdom
31.59.33.227,6803,HTTP/HTTPS,United Kingdom
162.220.246.132,6416,HTTP/HTTPS,United Kingdom
45.43.64.166,6424,HTTP/HTTPS,United Kingdom
198.105.111.94,6772,HTTP/HTTPS,United Kingdom
145.223.46.46,5596,HTTP/HTTPS,United Kingdom
45.43.64.220,6478,HTTP/HTTPS,United Kingdom
149.57.17.36,5504,HTTP/HTTPS,United Kingdom
198.105.100.209,6460,HTTP/HTTPS,United Kingdom
45.43.70.219,6506,HTTP/HTTPS,United Kingdom
162.220.247.37,6632,HTTP/HTTPS,United Kingdom
217.69.121.45,5710,HTTP/HTTPS,United Kingdom
107.181.154.111,5789,HTTP/HTTPS,United Kingdom
149.57.17.49,5517,HTTP/HTTPS,United Kingdom
185.200.188.234,10001,HTTP/HTTPS,Russian Federation
176.99.134.183,8090,HTTP/HTTPS,Russian Federation
174.137.134.182,2999,HTTP/HTTPS,United States
147.45.76.207,3128,HTTP/HTTPS,Sweden
103.43.191.71,8888,HTTP/HTTPS,Singapore
202.28.194.139,31280,HTTP/HTTPS,Thailand
150.241.116.167,443,HTTP/HTTPS,United States
54.38.138.60,3128,HTTP/HTTPS,Poland
125.230.237.137,8080,HTTP/HTTPS,Taiwan
113.160.132.26,8080,HTTP/HTTPS,Vietnam
176.12.65.24,443,HTTP/HTTPS,Russian Federation
85.105.98.6,5314,HTTP/HTTPS,Turkey
88.248.105.150,1953,HTTP/HTTPS,Turkey
78.189.92.15,1953,HTTP/HTTPS,Turkey
45.157.140.12,1080,HTTP/HTTPS,Russian Federation
117.236.124.166,3128,HTTP/HTTPS,India
203.162.13.26,6868,HTTP/HTTPS,Vietnam
138.197.68.35,4857,HTTP/HTTPS,United States
34.96.238.40,8080,HTTP/HTTPS,Hong Kong
62.133.62.187,1081,HTTP/HTTPS,France
103.69.96.15,8888,HTTP/HTTPS,Vietnam
64.188.77.26,3128,HTTP/HTTPS,Netherlands
8.219.97.248,80,HTTP/HTTPS,Singapore
151.243.153.157,8118,HTTP/HTTPS,Netherlands
49.51.228.35,81,HTTP/HTTPS,United States
104.154.186.48,80,HTTP/HTTPS,United States
172.233.77.45,1080,HTTP/HTTPS,Japan
5.202.120.123,3128,HTTP/HTTPS,Iran
47.238.203.170,50000,HTTP/HTTPS,Hong Kong
62.133.62.12,1081,HTTP/HTTPS,France
47.238.106.120,666,HTTP/HTTPS,Hong Kong
170.82.194.134,3128,HTTP/HTTPS,Brazil
62.133.62.3,1082,HTTP/HTTPS,France
81.90.29.194,10808,HTTP/HTTPS,Iraq
130.49.218.108,1080,HTTP/HTTPS,Russian Federation
204.152.198.34,8080,HTTP/HTTPS,United States
85.104.111.214,1953,HTTP/HTTPS,Turkey
92.118.112.32,1082,HTTP/HTTPS,United States
65.109.65.238,18080,HTTP/HTTPS,Finland
138.124.106.230,443,HTTP/HTTPS,Germany
38.127.179.161,37234,HTTP/HTTPS,United States
103.254.110.225,10808,HTTP/HTTPS,Hong Kong
199.247.29.193,50000,HTTP/HTTPS,Netherlands
206.189.144.164,10808,HTTP/HTTPS,Singapore
135.125.154.103,8899,HTTP/HTTPS,France
91.84.104.61,8118,HTTP/HTTPS,Netherlands
103.157.116.171,8080,HTTP/HTTPS,Indonesia
163.5.13.70,1080,HTTP/HTTPS,France
159.65.166.126,8118,HTTP/HTTPS,United States
43.161.239.147,8888,HTTP/HTTPS,Hong Kong
123.58.219.150,7890,HTTP/HTTPS,Hong Kong
199.182.135.85,3128,HTTP/HTTPS,United States
194.26.192.168,8080,HTTP/HTTPS,Netherlands
192.18.129.58,8118,HTTP/HTTPS,United States
200.227.89.50,3128,HTTP/HTTPS,Brazil
45.32.53.102,443,HTTP/HTTPS,Japan
204.48.29.137,3129,HTTP/HTTPS,United States
47.83.168.191,4000,HTTP/HTTPS,Hong Kong
92.119.164.84,1100,HTTP/HTTPS,Germany
70.35.196.194,8087,HTTP/HTTPS,United States
172.235.198.182,1080,HTTP/HTTPS,Japan
81.215.200.129,1953,HTTP/HTTPS,Turkey
185.204.168.189,443,HTTP/HTTPS,Germany
159.195.69.220,8888,HTTP/HTTPS,Germany
77.110.113.236,8080,HTTP/HTTPS,Russian Federation
208.82.61.64,3128,HTTP/HTTPS,United States
47.245.117.43,80,HTTP/HTTPS,Singapore
95.173.179.213,1953,HTTP/HTTPS,Turkey
85.97.109.179,1953,HTTP/HTTPS,Turkey
78.187.90.223,5314,HTTP/HTTPS,Turkey
85.104.108.167,1953,HTTP/HTTPS,Turkey
85.100.127.81,1953,HTTP/HTTPS,Turkey
103.129.127.244,8088,HTTP/HTTPS,Vietnam
203.162.13.222,6868,HTTP/HTTPS,Vietnam
93.113.63.11,3128,HTTP/HTTPS,Turkey
195.158.8.123,3128,HTTP/HTTPS,Uzbekistan
62.133.62.184,1082,HTTP/HTTPS,France
85.98.40.129,1953,HTTP/HTTPS,Turkey
96.3.50.180,8888,HTTP/HTTPS,United States
103.164.107.26,8080,HTTP/HTTPS,Indonesia
43.160.249.13,9223,HTTP/HTTPS,Singapore
103.167.61.162,3128,HTTP/HTTPS,Hong Kong
94.182.225.248,3128,HTTP/HTTPS,Iran
80.151.57.81,8080,HTTP/HTTPS,Germany
88.225.230.45,5314,HTTP/HTTPS,Turkey
94.198.218.123,3128,HTTP/HTTPS,Russian Federation
43.133.169.103,7890,HTTP/HTTPS,Japan
172.233.77.10,1080,HTTP/HTTPS,Japan
157.180.84.115,443,HTTP/HTTPS,Finland
31.223.7.155,1953,HTTP/HTTPS,Turkey
149.28.87.103,8888,HTTP/HTTPS,United States
199.189.255.230,1080,HTTP/HTTPS,Kazakhstan
207.246.68.214,3129,HTTP/HTTPS,United States
140.245.238.56,53,HTTP/HTTPS,India
138.124.125.198,3128,HTTP/HTTPS,United Kingdom
159.195.49.27,8888,HTTP/HTTPS,Germany
86.62.2.25,3128,HTTP/HTTPS,Uzbekistan
34.84.162.206,38080,HTTP/HTTPS,Japan
123.100.136.11,8080,HTTP/HTTPS,Japan
62.248.56.111,1953,HTTP/HTTPS,Turkey
103.82.20.76,8080,HTTP/HTTPS,Vietnam
103.174.122.217,8080,HTTP/HTTPS,Indonesia
42.118.74.182,8118,HTTP/HTTPS,Vietnam
191.252.111.160,7000,HTTP/HTTPS,Brazil
92.119.126.229,8118,HTTP/HTTPS,France
46.8.112.212,3128,HTTP/HTTPS,Netherlands
185.200.188.234,10001,HTTP/HTTPS,Russian Federation
34.44.49.215,80,HTTP/HTTPS,United States
27.34.242.98,80,HTTP/HTTPS,India
176.99.134.183,8090,HTTP/HTTPS,Russian Federation
183.110.216.159,8090,HTTP/HTTPS,South Korea
41.220.16.213,80,HTTP/HTTPS,Zimbabwe
174.137.134.182,2999,HTTP/HTTPS,United States
147.45.76.207,3128,HTTP/HTTPS,Sweden
41.220.16.208,80,HTTP/HTTPS,Zimbabwe
103.43.191.71,8888,HTTP/HTTPS,Singapore
212.47.232.28,80,HTTP/HTTPS,France
213.33.126.130,80,HTTP/HTTPS,Austria
202.28.194.139,31280,HTTP/HTTPS,Thailand
114.6.27.84,8520,HTTP/HTTPS,Indonesia
150.241.116.167,443,HTTP/HTTPS,United States
41.59.90.170,80,HTTP/HTTPS,Tanzania
194.14.207.87,80,HTTP/HTTPS,Sweden
203.175.126.229,8000,HTTP/HTTPS,Indonesia
54.38.138.60,3128,HTTP/HTTPS,Poland
125.230.237.137,8080,HTTP/HTTPS,Taiwan
113.160.132.26,8080,HTTP/HTTPS,Vietnam
176.12.65.24,443,HTTP/HTTPS,Russian Federation
85.105.98.6,5314,HTTP/HTTPS,Turkey
88.248.105.150,1953,HTTP/HTTPS,Turkey
78.189.92.15,1953,HTTP/HTTPS,Turkey
94.102.6.4,3310,HTTP/HTTPS,Turkey
78.189.49.28,1953,HTTP/HTTPS,Turkey
107.172.20.143,1080,HTTP/HTTPS,United States
12.50.107.220,80,HTTP/HTTPS,United States
190.58.248.86,80,HTTP/HTTPS,Trinidad and Tobago
45.157.140.12,1080,HTTP/HTTPS,Russian Federation
5.202.191.225,8080,HTTP/HTTPS,Iran
176.61.151.123,80,HTTP/HTTPS,Portugal
117.236.124.166,3128,HTTP/HTTPS,India
203.162.13.26,6868,HTTP/HTTPS,Vietnam
138.197.68.35,4857,HTTP/HTTPS,United States
143.42.66.91,80,HTTP/HTTPS,Singapore
185.230.190.195,3128,HTTP/HTTPS,Finland
12.50.107.219,80,HTTP/HTTPS,United States
172.237.73.24,80,HTTP/HTTPS,Singapore
196.1.93.10,80,HTTP/HTTPS,Senegal
182.53.202.208,8080,HTTP/HTTPS,Thailand
34.96.238.40,8080,HTTP/HTTPS,Hong Kong
185.118.51.133,3128,HTTP/HTTPS,Azerbaijan
103.17.215.9,8089,HTTP/HTTPS,Cambodia
196.223.129.21,80,HTTP/HTTPS,South Africa
222.228.194.131,8080,HTTP/HTTPS,Japan
62.133.62.187,1081,HTTP/HTTPS,France
187.72.215.33,3128,HTTP/HTTPS,Brazil
103.69.96.15,8888,HTTP/HTTPS,Vietnam
64.188.77.26,3128,HTTP/HTTPS,Netherlands
45.32.8.165,6688,HTTP/HTTPS,Japan
65.108.203.37,28080,HTTP/HTTPS,Finland
178.217.168.164,55443,HTTP/HTTPS,Kyrgyzstan
92.118.112.25,1082,HTTP/HTTPS,United States
193.29.224.20,3128,HTTP/HTTPS,Finland
54.38.139.182,3128,HTTP/HTTPS,Poland
167.99.124.118,80,HTTP/HTTPS,United States
103.65.237.92,5678,HTTP/HTTPS,Indonesia
174.138.119.88,80,HTTP/HTTPS,United States
104.225.220.233,80,HTTP/HTTPS,United States
31.28.4.192,80,HTTP/HTTPS,Russian Federation
46.249.100.124,80,HTTP/HTTPS,Germany
47.238.128.246,8002,HTTP/HTTPS,Hong Kong
101.36.123.203,8118,HTTP/HTTPS,Hong Kong
197.255.125.12,80,HTTP/HTTPS,Ghana
197.255.126.69,80,HTTP/HTTPS,Ghana
156.38.112.11,80,HTTP/HTTPS,Ghana
160.248.7.177,80,HTTP/HTTPS,Japan
47.252.18.37,8083,HTTP/HTTPS,United States
103.81.194.167,8080,HTTP/HTTPS,Indonesia
125.209.110.83,39617,HTTP/HTTPS,Pakistan
8.219.97.248,80,HTTP/HTTPS,Singapore
151.243.153.157,8118,HTTP/HTTPS,Netherlands
49.51.228.35,81,HTTP/HTTPS,United States
104.154.186.48,80,HTTP/HTTPS,United States
172.233.77.45,1080,HTTP/HTTPS,Japan
5.202.120.123,3128,HTTP/HTTPS,Iran
47.238.203.170,50000,HTTP/HTTPS,Hong Kong
62.133.62.12,1081,HTTP/HTTPS,France
47.238.106.120,666,HTTP/HTTPS,Hong Kong
170.82.194.134,3128,HTTP/HTTPS,Brazil
62.133.62.3,1082,HTTP/HTTPS,France
81.90.29.194,10808,HTTP/HTTPS,Iraq
130.49.218.108,1080,HTTP/HTTPS,Russian Federation
204.152.198.34,8080,HTTP/HTTPS,United States
85.104.111.214,1953,HTTP/HTTPS,Turkey
92.118.112.32,1082,HTTP/HTTPS,United States
65.109.65.238,18080,HTTP/HTTPS,Finland
138.124.106.230,443,HTTP/HTTPS,Germany
38.127.179.161,37234,HTTP/HTTPS,United States
103.254.110.225,10808,HTTP/HTTPS,Hong Kong
199.247.29.193,50000,HTTP/HTTPS,Netherlands
206.189.144.164,10808,HTTP/HTTPS,Singapore
135.125.154.103,8899,HTTP/HTTPS,France
91.84.104.61,8118,HTTP/HTTPS,Netherlands
103.157.116.171,8080,HTTP/HTTPS,Indonesia
163.5.13.70,1080,HTTP/HTTPS,France
159.65.166.126,8118,HTTP/HTTPS,United States
43.161.239.147,8888,HTTP/HTTPS,Hong Kong
197.221.237.248,80,HTTP/HTTPS,Zimbabwe
92.63.226.78,2080,HTTP/HTTPS,United Kingdom
197.221.240.247,80,HTTP/HTTPS,Zimbabwe
175.139.233.79,80,HTTP/HTTPS,Malaysia
135.125.154.108,8899,HTTP/HTTPS,France
123.58.219.150,7890,HTTP/HTTPS,Hong Kong
34.87.80.221,30000,HTTP/HTTPS,Singapore
185.125.203.248,3128,HTTP/HTTPS,Netherlands
199.182.135.85,3128,HTTP/HTTPS,United States
103.30.211.34,80,HTTP/HTTPS,Australia
167.99.236.14,80,HTTP/HTTPS,United States
62.133.62.231,1081,HTTP/HTTPS,France
129.151.130.247,1111,HTTP/HTTPS,United Arab Emirates
194.26.192.168,8080,HTTP/HTTPS,Netherlands
77.221.158.175,3128,HTTP/HTTPS,Finland
192.18.129.58,8118,HTTP/HTTPS,United States
47.250.177.202,80,HTTP/HTTPS,Malaysia
200.227.89.50,3128,HTTP/HTTPS,Brazil
217.154.155.115,8080,HTTP/HTTPS,Germany
45.32.53.102,443,HTTP/HTTPS,Japan
45.168.244.16,8080,HTTP/HTTPS,Brazil
65.109.87.121,18080,HTTP/HTTPS,Finland
204.48.29.137,3129,HTTP/HTTPS,United States
47.83.168.191,4000,HTTP/HTTPS,Hong Kong
92.119.164.84,1100,HTTP/HTTPS,Germany
129.213.162.27,17777,HTTP/HTTPS,United States
48.214.144.194,8888,HTTP/HTTPS,United States
8.243.71.182,999,HTTP/HTTPS,Colombia
47.251.101.142,3128,HTTP/HTTPS,United States
94.158.49.82,3128,HTTP/HTTPS,Uzbekistan
78.188.230.81,3310,HTTP/HTTPS,Turkey
70.35.196.194,8087,HTTP/HTTPS,United States
103.228.171.47,8118,HTTP/HTTPS,Germany
172.235.198.182,1080,HTTP/HTTPS,Japan
103.151.20.131,80,HTTP/HTTPS,Indonesia
8.212.151.166,1024,HTTP/HTTPS,Philippines
81.215.200.129,1953,HTTP/HTTPS,Turkey
185.204.168.189,443,HTTP/HTTPS,Germany
219.93.101.60,80,HTTP/HTTPS,Malaysia
219.93.101.63,80,HTTP/HTTPS,Malaysia
52.34.243.150,8080,HTTP/HTTPS,United States
219.65.73.81,80,HTTP/HTTPS,India
41.220.16.211,80,HTTP/HTTPS,Zimbabwe
197.221.240.176,80,HTTP/HTTPS,Zimbabwe
207.180.254.198,8080,HTTP/HTTPS,France
159.195.69.220,8888,HTTP/HTTPS,Germany
147.78.0.81,9443,HTTP/HTTPS,United Arab Emirates
77.110.113.236,8080,HTTP/HTTPS,Russian Federation
12.50.107.217,80,HTTP/HTTPS,United States
208.82.61.64,3128,HTTP/HTTPS,United States
47.245.117.43,80,HTTP/HTTPS,Singapore
95.173.179.213,1953,HTTP/HTTPS,Turkey
85.97.109.179,1953,HTTP/HTTPS,Turkey
78.187.90.223,5314,HTTP/HTTPS,Turkey
85.104.108.167,1953,HTTP/HTTPS,Turkey
85.100.127.81,1953,HTTP/HTTPS,Turkey
32.223.6.94,80,HTTP/HTTPS,United States
133.18.234.13,80,HTTP/HTTPS,Japan
41.184.92.219,80,HTTP/HTTPS,Nigeria
12.50.107.222,80,HTTP/HTTPS,United States
103.129.127.244,8088,HTTP/HTTPS,Vietnam
203.162.13.222,6868,HTTP/HTTPS,Vietnam
139.99.237.62,80,HTTP/HTTPS,Australia
219.249.37.107,8382,HTTP/HTTPS,South Korea
41.220.22.7,80,HTTP/HTTPS,Zimbabwe
93.113.63.11,3128,HTTP/HTTPS,Turkey
195.158.8.123,3128,HTTP/HTTPS,Uzbekistan
62.133.62.184,1082,HTTP/HTTPS,France
85.98.40.129,1953,HTTP/HTTPS,Turkey
96.3.50.180,8888,HTTP/HTTPS,United States
103.164.107.26,8080,HTTP/HTTPS,Indonesia
43.160.249.13,9223,HTTP/HTTPS,Singapore
97.74.87.226,80,HTTP/HTTPS,Singapore
46.47.197.210,3128,HTTP/HTTPS,Russian Federation
103.167.61.162,3128,HTTP/HTTPS,Hong Kong
178.128.95.176,8080,HTTP/HTTPS,Singapore
38.127.179.138,37234,HTTP/HTTPS,United States
94.182.225.248,3128,HTTP/HTTPS,Iran
80.151.57.81,8080,HTTP/HTTPS,Germany
202.133.88.173,80,HTTP/HTTPS,France
88.225.230.45,5314,HTTP/HTTPS,Turkey
91.107.182.124,82,HTTP/HTTPS,Germany
154.65.39.7,80,HTTP/HTTPS,Senegal
212.34.146.118,3128,HTTP/HTTPS,Netherlands
85.214.204.79,80,HTTP/HTTPS,Germany
94.198.218.123,3128,HTTP/HTTPS,Russian Federation
85.214.107.177,80,HTTP/HTTPS,Germany
172.233.77.37,1080,HTTP/HTTPS,Japan
157.180.84.115,443,HTTP/HTTPS,Finland
75.84.71.14,80,HTTP/HTTPS,United States
87.107.184.182,8080,HTTP/HTTPS,Iran
103.178.86.10,8080,HTTP/HTTPS,Indonesia
139.59.59.122,8118,HTTP/HTTPS,India
64.188.77.221,3128,HTTP/HTTPS,Netherlands
